chrome-extension://hnncfhodpmpjchmmcnimoimkcojdmfhl/delayed.html?1&https://en.wikipedia.org/wiki/Logical_matrix	hnncfhodpmpjchmmcnimoimkcojdmfhl		1790807458594.075	2026-10-01 00:30:58	4	reload	Site Blocked (Block Set 1)
https://www.google.com/search?q=many-valued+paraconsistent+logic&oq=many-valued+paraconsistent+logic&gs_lcrp=EgRlZGdlKgYIABBFGDkyBggAEEUYOTIKCAEQABiABBiiBDIKCAIQABiABBiiBDIHCAMQABjvBTIHCAQQABjvBTIKCAUQABiABBiiBNIBCTM3MDEyajBqM6gCALACAA&sourceid=chrome&ie=UTF-8	www.google.com	google.com	1790807505006.621	2026-10-01 00:31:45	4	generated	many-valued paraconsistent logic - Hledat Googlem
https://scholar.google.cz/scholar?q=many-valued+paraconsistent+logic&hl=cs&as_sdt=0&as_vis=1&oi=scholart	scholar.google.cz	google.cz	1790807544404.29	2026-10-01 00:32:24	4	link	many-valued paraconsistent logic - Google Scholar
https://en.wikipedia.org/wiki/Paraconsistent_logic	en.wikipedia.org	wikipedia.org	1790807551954.682	2026-10-01 00:32:31	4	link	Paraconsistent logic - Wikipedia
https://plato.stanford.edu/archives/sum2004/entries/logic-paraconsistent/	plato.stanford.edu	stanford.edu	1790807565491.269	2026-10-01 00:32:45	4	link	Paraconsistent Logic (Stanford Encyclopedia of Philosophy/Summer 2004 Edition)
https://www.google.com/search?q=many-valued+paraconsistent+logic&oq=many-valued+paraconsistent+logic&gs_lcrp=EgRlZGdlKgYIABBFGDkyBggAEEUYOTIKCAEQABiABBiiBDIKCAIQABiABBiiBDIHCAMQABjvBTIHCAQQABjvBTIKCAUQABiABBiiBNIBCTM3MDEyajBqM6gCALACAA&sourceid=chrome&ie=UTF-8	www.google.com	google.com	1790807578846.717	2026-10-01 00:32:58	4	reload	many-valued paraconsistent logic - Hledat Googlem
https://www.google.com/search?q=co-godel+many-valued+paraconsistent+logic&newwindow=1&sca_esv=f3de7034d550a016&sxsrf=APpeQnvG36UrsAaiI1p6fMLqUoNHNRiZUw%3A1790807504496&ei=0I29asTlHebHwPAP_5uGmAE&biw=1222&bih=559&uact=5&oq=co-godel+many-valued+paraconsistent+logic&gs_lp=Egxnd3Mtd2l6LXNlcnAiKWNvLWdvZGVsIG1hbnktdmFsdWVkIHBhcmFjb25zaXN0ZW50IGxvZ2ljMggQABiABBiiBDIFEAAY7wUyCBAAGIAEGKIEMgUQABjvBTIFEAAY7wVIgCVQAFjVFnAAeACQAQCYAcABoAHVCaoBAzAuObgBA8gBAPgBAZgCCKACignCAgcQIxiwAhgnmAMAkgcFMC43LjGgB8UcsgcFMC43LjG4B4oJwgcDMi04yAcpgAgB&sclient=gws-wiz-serp	www.google.com	google.com	1790807591848.832	2026-10-01 00:33:11	4	form_submit	co-godel many-valued paraconsistent logic - Hledat Googlem
https://arxiv.org/html/2303.14164v1	arxiv.org	arxiv.org	1790807636482.729	2026-10-01 00:33:56	4	link	Paraconsistent Gödel modal logicon bi-relational frames
https://arxiv.org/pdf/2004.14881	arxiv.org	arxiv.org	1790807645817.198	2026-10-01 00:34:05	4	link	2004.14881
https://www.google.com/search?q=co-godel+many-valued+paraconsistent+logic&newwindow=1&sca_esv=f3de7034d550a016&sxsrf=APpeQnvG36UrsAaiI1p6fMLqUoNHNRiZUw%3A1790807504496&ei=0I29asTlHebHwPAP_5uGmAE&biw=1222&bih=559&uact=5&oq=co-godel+many-valued+paraconsistent+logic&gs_lp=Egxnd3Mtd2l6LXNlcnAiKWNvLWdvZGVsIG1hbnktdmFsdWVkIHBhcmFjb25zaXN0ZW50IGxvZ2ljMggQABiABBiiBDIFEAAY7wUyCBAAGIAEGKIEMgUQABjvBTIFEAAY7wVIgCVQAFjVFnAAeACQAQCYAcABoAHVCaoBAzAuObgBA8gBAPgBAZgCCKACignCAgcQIxiwAhgnmAMAkgcFMC43LjGgB8UcsgcFMC43LjG4B4oJwgcDMi04yAcpgAgB&sclient=gws-wiz-serp	www.google.com	google.com	1790807756956.297	2026-10-01 00:35:56	4	reload	co-godel many-valued paraconsistent logic - Hledat Googlem
https://www.google.com/search?q=godel+many-valued+logic+definition+of+connectives&newwindow=1&sca_esv=f3de7034d550a016&biw=1222&bih=559&sxsrf=APpeQnvo6DvDYxTO0Z05hBpC1bgc6vwqDA%3A1790807590114&ei=Jo69avC_Btu6wPAPm4ChiAg&uact=5&oq=godel+many-valued+logic+definition+of+connectives&gs_lp=Egxnd3Mtd2l6LXNlcnAiMWdvZGVsIG1hbnktdmFsdWVkIGxvZ2ljIGRlZmluaXRpb24gb2YgY29ubmVjdGl2ZXMyBRAAGO8FMggQABiABBiiBDIFEAAY7wUyBRAAGO8FMgUQABjvBUiRlAFQAFi3iwFwA3gAkAEAmAGsAqABgR6qAQgxLjI2LjAuMbgBA8gBAPgBAZgCHqACmx_CAgUQIRigAcICBxAhGAoYoAGYAwCSBwgzLjI2LjAuMaAH-mSyBwgwLjI2LjAuMbgHiB_CBwgwLjIuMjcuMcgHhQGACAE&sclient=gws-wiz-serp	www.google.com	google.com	1790807781396.764	2026-10-01 00:36:21	4	form_submit	godel many-valued logic definition of connectives - Hledat Googlem
https://www.google.com/search?q=many-valued+paraconsistent+logic+definitions+of+connectives+&newwindow=1&sca_esv=f3de7034d550a016&sxsrf=APpeQnvG36UrsAaiI1p6fMLqUoNHNRiZUw%3A1790807504496&ei=0I29asTlHebHwPAP_5uGmAE&biw=1222&bih=559&uact=5&oq=many-valued+paraconsistent+logic+definitions+of+connectives+&gs_lp=Egxnd3Mtd2l6LXNlcnAiPG1hbnktdmFsdWVkIHBhcmFjb25zaXN0ZW50IGxvZ2ljIGRlZmluaXRpb25zIG9mIGNvbm5lY3RpdmVzIDIFECEYoAEyBRAhGKABMgUQIRigATIFECEYoAEyBRAhGKABSKCPAVAAWKd_cAR4AJABAJgBxgGgAcscqgEEMC4yNrgBA8gBAPgBAZgCHqAC1B7CAgQQIxgnwgIKECMYyQIY8AUYJ8ICERAuGIAEGLEDGIMBGMcBGNEDwgILEAAYgAQYsQMYgwHCAgoQLhiABBiKBRhDwgIIEAAYgAQYsQPCAgUQLhiABMICCBAuGIAEGLEDwgIIEAAY7wUYsAPCAggQABiABBiiBMICBRAAGO8FwgIEECEYFcICBxAhGAoYoAGYAwCIBgGQBgOSBwY0LjI1LjGgB9WCAbIHBjAuMjUuMbgHuB7CBwgwLjUuMjIuM8gHlQGACAE&sclient=gws-wiz-serp	www.google.com	google.com	1790807987893.83	2026-10-01 00:39:47	4	form_submit	many-valued paraconsistent logic definitions of connectives - Hledat Googlem
https://www.google.com/search?q=dual+many-valued+paraconsistent+logic+definitions+of+connectives&newwindow=1&sca_esv=f3de7034d550a016&biw=1222&bih=559&sxsrf=APpeQntfVvQFr6TtuyhObcQquoDfmOHRow%3A1790807987957&ei=s4-9apr9ObuswPAP2-HdEQ&uact=5&oq=dual+many-valued+paraconsistent+logic+definitions+of+connectives&gs_lp=Egxnd3Mtd2l6LXNlcnAiQGR1YWwgbWFueS12YWx1ZWQgcGFyYWNvbnNpc3RlbnQgbG9naWMgZGVmaW5pdGlvbnMgb2YgY29ubmVjdGl2ZXNIzxVQAFjSBnAAeACQAQGYAegDoAHXCaoBCTAuMy4wLjEuMbgBA8gBAPgBAZgCAaACuwHCAgcQIxiwAhgnwgIIEAAYgAQYogTCAgUQABjvBZgDAJIHAzAuMaAHgQmyBwMwLjG4B7sBwgcDMi0xyAcHgAgB&sclient=gws-wiz-serp	www.google.com	google.com	1790808058413.702	2026-10-01 00:40:58	4	form_submit	dual many-valued paraconsistent logic definitions of connectives - Hledat Googlem
https://www.google.com/search?q=dual+many-valued+paraconsistent+logic+definitions+of+connectives&newwindow=1&sca_esv=f3de7034d550a016&biw=1222&bih=559&sxsrf=APpeQntfVvQFr6TtuyhObcQquoDfmOHRow%3A1790807987957&ei=s4-9apr9ObuswPAP2-HdEQ&uact=5&oq=dual+many-valued+paraconsistent+logic+definitions+of+connectives&gs_lp=Egxnd3Mtd2l6LXNlcnAiQGR1YWwgbWFueS12YWx1ZWQgcGFyYWNvbnNpc3RlbnQgbG9naWMgZGVmaW5pdGlvbnMgb2YgY29ubmVjdGl2ZXNIzxVQAFjSBnAAeACQAQGYAegDoAHXCaoBCTAuMy4wLjEuMbgBA8gBAPgBAZgCAaACuwHCAgcQIxiwAhgnwgIIEAAYgAQYogTCAgUQABjvBZgDAJIHAzAuMaAHgQmyBwMwLjG4B7sBwgcDMi0xyAcHgAgB&sclient=gws-wiz-serp	www.google.com	google.com	1790808184706.658	2026-10-01 00:43:04	4	reload	dual many-valued paraconsistent logic definitions of connectives - Hledat Googlem
chrome-extension://hnncfhodpmpjchmmcnimoimkcojdmfhl/delayed.html?1&https://www.google.com/search?q=dual+many-valued+paraconsistent+logic+definitions+of+connectives&newwindow=1&sca_esv=f3de7034d550a016&biw=1222&bih=559&sxsrf=APpeQntfVvQFr6TtuyhObcQquoDfmOHRow%3A1790807987957&ei=s4-9apr9ObuswPAP2-HdEQ&uact=5&oq=dual+many-valued+paraconsistent+logic+definitions+of+connectives&gs_lp=Egxnd3Mtd2l6LXNlcnAiQGR1YWwgbWFueS12YWx1ZWQgcGFyYWNvbnNpc3RlbnQgbG9naWMgZGVmaW5pdGlvbnMgb2YgY29ubmVjdGl2ZXNIzxVQAFjSBnAAeACQAQGYAegDoAHXCaoBCTAuMy4wLjEuMbgBA8gBAPgBAZgCAaACuwHCAgcQIxiwAhgnwgIIEAAYgAQYogTCAgUQABjvBZgDAJIHAzAuMaAHgQmyBwMwLjG4B7sBwgcDMi0xyAcHgAgB&sclient=gws-wiz-serp	hnncfhodpmpjchmmcnimoimkcojdmfhl		1790808188474.089	2026-10-01 00:43:08	4	link	Site Blocked (Block Set 1)
chrome-extension://hnncfhodpmpjchmmcnimoimkcojdmfhl/delayed.html?1&https://www.google.com/search?q=dual+many-valued+paracomplete+logic+&newwindow=1&sca_esv=f3de7034d550a016&biw=1222&bih=559&sxsrf=APpeQnskDkzdkWhWI8ohKrO81jhi5h7mrw%3A1790808058475&ei=-o-9aqu_HNiPwPAP-Yi24Q8&uact=5&oq=dual+many-valued+paracomplete+logic+&gs_lp=Egxnd3Mtd2l6LXNlcnAiJGR1YWwgbWFueS12YWx1ZWQgcGFyYWNvbXBsZXRlIGxvZ2ljIDIFECEYoAEyBRAhGKABMgUQIRigATIFECEYoAFI1kVQAFjaQHACeACQAQCYAbEBoAHWFKoBBDAuMTm4AQPIAQD4AQGYAhCgAs8QwgIIEAAYgAQYogTCAgUQABjvBZgDAJIHBDIuMTSgB6BCsgcEMC4xNLgHwhDCBwQyLTE2yAdIgAgB&sclient=gws-wiz-serp	hnncfhodpmpjchmmcnimoimkcojdmfhl		1790808209713.699	2026-10-01 00:43:29	4	link	Site Blocked (Block Set 1)
https://www.google.com/search?q=dual+many-valued+paracomplete+logic+&newwindow=1&sca_esv=f3de7034d550a016&biw=1222&bih=559&sxsrf=APpeQnskDkzdkWhWI8ohKrO81jhi5h7mrw%3A1790808058475&ei=-o-9aqu_HNiPwPAP-Yi24Q8&uact=5&oq=dual+many-valued+paracomplete+logic+&gs_lp=Egxnd3Mtd2l6LXNlcnAiJGR1YWwgbWFueS12YWx1ZWQgcGFyYWNvbXBsZXRlIGxvZ2ljIDIFECEYoAEyBRAhGKABMgUQIRigATIFECEYoAFI1kVQAFjaQHACeACQAQCYAbEBoAHWFKoBBDAuMTm4AQPIAQD4AQGYAhCgAs8QwgIIEAAYgAQYogTCAgUQABjvBZgDAJIHBDIuMTSgB6BCsgcEMC4xNLgHwhDCBwQyLTE2yAdIgAgB&sclient=gws-wiz-serp	www.google.com	google.com	1790808230097.49	2026-10-01 00:43:50	4	link	dual many-valued paracomplete logic - Hledat Googlem
https://www.google.com/search?q=paracomplete+logic&newwindow=1&sca_esv=f3de7034d550a016&biw=1222&bih=559&sxsrf=APpeQntN_94iBRwHYyJ0G_uc8dGtVbl-qg%3A1790808230143&ei=ppC9ar-LCLDRwPAPpLq_mQ0&uact=5&oq=paracomplete+logic&gs_lp=Egxnd3Mtd2l6LXNlcnAiEnBhcmFjb21wbGV0ZSBsb2dpYzIIEAAYgAQYywEyBhAAGAgYHjIGEAAYCBgeMgUQABjvBTIIEAAYgAQYogQyBRAAGO8FMgUQABjvBUieElAAWKwKcAB4AJABAJgBkwGgAfIDqgEDMC40uAEDyAEA-AEBmAIDoAKhA5gDAJIHAzAuM6AH-AmyBwMwLjO4B6EDwgcDMi0zyAcQgAgB&sclient=gws-wiz-serp	www.google.com	google.com	1790808314114.883	2026-10-01 00:45:14	4	form_submit	paracomplete logic - Hledat Googlem
chrome-extension://hnncfhodpmpjchmmcnimoimkcojdmfhl/delayed.html?1&https://www.google.com/search?q=kleene+logic+definitions+of+connectives&oq=kleene+logic+definitions+of+connectives+&gs_lcrp=EgRlZGdlKgYIABBFGDkyBggAEEUYOTIKCAEQABiABBiiBDIHCAIQABjvBTIHCAMQABjvBTIHCAQQABjvBdIBCTE2NTQ1ajBqM6gCALACAA&sourceid=chrome&ie=UTF-8	hnncfhodpmpjchmmcnimoimkcojdmfhl		1790808376293.735	2026-10-01 00:46:16	4	link	Site Blocked (Block Set 1)
https://www.google.com/search?q=kleene+logic+definitions+of+connectives&oq=kleene+logic+definitions+of+connectives+&gs_lcrp=EgRlZGdlKgYIABBFGDkyBggAEEUYOTIKCAEQABiABBiiBDIHCAIQABjvBTIHCAMQABjvBTIHCAQQABjvBdIBCTE2NTQ1ajBqM6gCALACAA&sourceid=chrome&ie=UTF-8	www.google.com	google.com	1790808396736.758	2026-10-01 00:46:36	4	link	kleene logic definitions of connectives - Hledat Googlem
chrome-extension://hnncfhodpmpjchmmcnimoimkcojdmfhl/delayed.html?1&https://www.google.com/search?q=many-valued+logics+definition+of+connectives&newwindow=1&sca_esv=f3de7034d550a016&biw=1222&bih=559&sxsrf=APpeQnvW0txPxsuR-cXhwUAjhk6XWMzB0g%3A1790807779596&ei=4469aq3zI9nKwPAPhr7vuAY&uact=5&oq=many-valued+logics+definition+of+connectives&gs_lp=Egxnd3Mtd2l6LXNlcnAiLG1hbnktdmFsdWVkIGxvZ2ljcyBkZWZpbml0aW9uIG9mIGNvbm5lY3RpdmVzMggQABiABBiiBDIFEAAY7wUyBRAAGO8FMgUQABjvBTIFEAAY7wVI9iVQAFi7I3AAeACQAQCYAZgBoAGsAqoBAzAuMrgBA8gBAPgBAZgCAqACwAKYAwCSBwMwLjKgB_8FsgcDMC4yuAfAAsIHBTItMS4xyAcNgAgB&sclient=gws-wiz-serp	hnncfhodpmpjchmmcnimoimkcojdmfhl		1790808486456.409	2026-10-01 00:48:06	4	link	Site Blocked (Block Set 1)
https://www.google.com/search?q=many-valued+logics+definition+of+connectives&newwindow=1&sca_esv=f3de7034d550a016&biw=1222&bih=559&sxsrf=APpeQnvW0txPxsuR-cXhwUAjhk6XWMzB0g%3A1790807779596&ei=4469aq3zI9nKwPAPhr7vuAY&uact=5&oq=many-valued+logics+definition+of+connectives&gs_lp=Egxnd3Mtd2l6LXNlcnAiLG1hbnktdmFsdWVkIGxvZ2ljcyBkZWZpbml0aW9uIG9mIGNvbm5lY3RpdmVzMggQABiABBiiBDIFEAAY7wUyBRAAGO8FMgUQABjvBTIFEAAY7wVI9iVQAFi7I3AAeACQAQCYAZgBoAGsAqoBAzAuMrgBA8gBAPgBAZgCAqACwAKYAwCSBwMwLjKgB_8FsgcDMC4yuAfAAsIHBTItMS4xyAcNgAgB&sclient=gws-wiz-serp	www.google.com	google.com	1790808506860.309	2026-10-01 00:48:26	4	link	many-valued logics definition of connectives - Hledat Googlem
chrome-extension://hnncfhodpmpjchmmcnimoimkcojdmfhl/delayed.html?1&https://en.wikipedia.org/wiki/Many-valued_logic	hnncfhodpmpjchmmcnimoimkcojdmfhl		1790808555404.289	2026-10-01 00:49:15	4	link	Site Blocked (Block Set 1)
https://www.google.com/search?q=tropical-semiring+logic+definition+of+connectives&newwindow=1&sca_esv=f3de7034d550a016&biw=1222&bih=559&sxsrf=APpeQnthFJ_T866K-lw21aR86tcKBk4_wQ%3A1790808506914&ei=upG9aq6uN8a73AP1pOrgCQ&uact=5&oq=tropical-semiring+logic+definition+of+connectives&gs_lp=Egxnd3Mtd2l6LXNlcnAiMXRyb3BpY2FsLXNlbWlyaW5nIGxvZ2ljIGRlZmluaXRpb24gb2YgY29ubmVjdGl2ZXMyCBAAGIAEGKIEMgUQABjvBTIIEAAYgAQYogQyBRAAGO8FSKd4UKARWPRecAF4AJABAJgB5QagAbouqgEOMC4xMi40LjMuMS4wLjK4AQPIAQD4AQGYAg-gArkewgIIEAAY7wUYsAPCAggQIRigARjDBMICChAhGAoYoAEYwwSYAwCIBgGQBgSSBw0xLjkuMi4xLjAuMS4xoAfQPLIHDTAuOS4yLjEuMC4xLjG4B68ewgcGMC4zLjEyyAc-gAgB&sclient=gws-wiz-serp	www.google.com	google.com	1790808579410.492	2026-10-01 00:49:39	4	form_submit	tropical-semiring logic definition of connectives - Hledat Googlem
chrome-extension://hnncfhodpmpjchmmcnimoimkcojdmfhl/delayed.html?1&https://arxiv.org/html/2502.12939v2	hnncfhodpmpjchmmcnimoimkcojdmfhl		1790808651377.781	2026-10-01 00:50:51	4	link	Site Blocked (Block Set 1)
chrome-extension://hnncfhodpmpjchmmcnimoimkcojdmfhl/delayed.html?1&https://arxiv.org/html/2409.08682v1	hnncfhodpmpjchmmcnimoimkcojdmfhl		1790808682808.601	2026-10-01 00:51:22	4	link	Site Blocked (Block Set 1)
chrome-extension://hnncfhodpmpjchmmcnimoimkcojdmfhl/delayed.html?1&https://www.emergentmind.com/topics/provenance-semirings	hnncfhodpmpjchmmcnimoimkcojdmfhl		1790808722014.331	2026-10-01 00:52:02	4	link	Site Blocked (Block Set 1)
chrome-extension://hnncfhodpmpjchmmcnimoimkcojdmfhl/delayed.html?1&https://arxiv.org/html/2412.07986v1	hnncfhodpmpjchmmcnimoimkcojdmfhl		1790808726441.309	2026-10-01 00:52:06	4	link	Site Blocked (Block Set 1)
chrome-extension://hnncfhodpmpjchmmcnimoimkcojdmfhl/delayed.html?1&https://gemini.google.com/app	hnncfhodpmpjchmmcnimoimkcojdmfhl		1790808779769.124	2026-10-01 00:52:59	4	link	Site Blocked (Block Set 1)
chrome-extension://hnncfhodpmpjchmmcnimoimkcojdmfhl/delayed.html?1&https://gemini.google.com/app	hnncfhodpmpjchmmcnimoimkcojdmfhl		1790808811092.713	2026-10-01 00:53:31	4	reload	Site Blocked (Block Set 1)
https://gemini.google.com/app	gemini.google.com	google.com	1790808831649.953	2026-10-01 00:53:51	4	link	Google Gemini
https://gemini.google.com/search	gemini.google.com	google.com	1790808842216.328	2026-10-01 00:54:02	4	link	Google Gemini
https://gemini.google.com/app/77ae4444d8291b93	gemini.google.com	google.com	1790808848327.155	2026-10-01 00:54:08	4	link	Google Gemini
https://www.google.com/search?q=It+is+mathematically+isomorphic+to+Product+Logic+(also+known+as+Goguen+logic).&oq=It+is+mathematically+isomorphic+to+Product+Logic+(also+known+as+Goguen+logic).&gs_lcrp=EgRlZGdlKgYIABBFGDkyBggAEEUYOagCALACAA&sourceid=chrome&ie=UTF-8&source=chrome.ctxt	www.google.com	google.com	1790809640033.387	2026-10-01 01:07:20	4	link	It is mathematically isomorphic to Product Logic (also known as Goguen logic). - Hledat Googlem
https://arxiv.org/html/0911.3005v2	arxiv.org	arxiv.org	1790809677259.359	2026-10-01 01:07:57	4	link	How to combine diagrammatic logics
https://arxiv.org/html/2112.06762v1	arxiv.org	arxiv.org	1790809692572.07	2026-10-01 01:08:12	4	link	Rational Pavelka logic: the best among three worlds?
https://www.google.com/search?q=Product+Logic+%28also+known+as+Goguen+logic%29.&newwindow=1&sca_esv=f3de7034d550a016&sxsrf=APpeQnvFoEieXefexOjyK-ZEoAaQ6F_s0Q%3A1790809639830&ei=J5a9auKWMqu0wPAP18DZ0A4&biw=1222&bih=559&uact=5&oq=Product+Logic+%28also+known+as+Goguen+logic%29.&gs_lp=Egxnd3Mtd2l6LXNlcnAiK1Byb2R1Y3QgTG9naWMgKGFsc28ga25vd24gYXMgR29ndWVuIGxvZ2ljKS4yCBAAGIAEGKIEMgUQABjvBTIIEAAYgAQYogQyBRAAGO8FMggQABiABBiiBEilElAAWLUMcAB4AJABAZgBrQGgAbsLqgEEMC4xMbgBA8gBAPgBAZgCAqACgALCAgcQIxiwAhgnmAMAkgcDMC4yoAf4HbIHAzAuMrgHgALCBwUyLTEuMcgHD4AIAQ&sclient=gws-wiz-serp	www.google.com	google.com	1790809698986.41	2026-10-01 01:08:18	4	form_submit	Product Logic (also known as Goguen logic). - Hledat Googlem
https://en.wikipedia.org/wiki/Joseph_Goguen	en.wikipedia.org	wikipedia.org	1790809705171.792	2026-10-01 01:08:25	4	link	Joseph Goguen - Wikipedia
https://en.wikipedia.org/wiki/Joseph_Goguen#Research_areas	en.wikipedia.org	wikipedia.org	1790809729826.838	2026-10-01 01:08:49	4	link	Joseph Goguen - Wikipedia
https://en.wikipedia.org/wiki/Institution_(computer_science)	en.wikipedia.org	wikipedia.org	1790809752168.233	2026-10-01 01:09:12	4	link	Institution (computer science) - Wikipedia
https://en.wikipedia.org/wiki/OBJ_(programming_language)	en.wikipedia.org	wikipedia.org	1790809803023.814	2026-10-01 01:10:03	4	link	OBJ (programming language) - Wikipedia
https://en.wikipedia.org/wiki/T-norm_logics	en.wikipedia.org	wikipedia.org	1790809816274.683	2026-10-01 01:10:16	4	link	T-norm fuzzy logics - Wikipedia
https://en.wikipedia.org/wiki/T-norm_fuzzy_logics	en.wikipedia.org	wikipedia.org	1790809819294.202	2026-10-01 01:10:19	4	link	T-norm fuzzy logics - Wikipedia
https://en.wikipedia.org/wiki/Goguen_category	en.wikipedia.org	wikipedia.org	1790809819515.536	2026-10-01 01:10:19	4	link	Fuzzy set - Wikipedia
https://en.wikipedia.org/wiki/Fuzzy_set#Fuzzy_categories	en.wikipedia.org	wikipedia.org	1790809822833.051	2026-10-01 01:10:22	4	link	Fuzzy set - Wikipedia
chrome-extension://hnncfhodpmpjchmmcnimoimkcojdmfhl/delayed.html?1&https://www.epatters.org/wiki/	hnncfhodpmpjchmmcnimoimkcojdmfhl		1790809834270.381	2026-10-01 01:10:34	4	reload	Site Blocked (Block Set 1)
https://en.wikipedia.org/wiki/T-norm#Prominent_examples	en.wikipedia.org	wikipedia.org	1790809848516.708	2026-10-01 01:10:48	4	link	T-norm - Wikipedia
https://gist.github.com/	gist.github.com	github.com	1790846003765.022	2026-10-01 11:13:23	4	typed	Create a new Gist
https://gist.github.com/martin12333/93bd8734644d3eae51603f1702970704	gist.github.com	github.com	1790846194345.647	2026-10-01 11:16:34	4	form_submit	0.clipboard_log.rr.n8.txt.md
https://en.wikipedia.org/wiki/Fuzzy_set#Fuzzy_categories	en.wikipedia.org	wikipedia.org	1790868914892.203	2026-10-01 17:35:14	4	reload	Fuzzy set - Wikipedia
https://en.wikipedia.org/wiki/T-norm#Prominent_examples	en.wikipedia.org	wikipedia.org	1790868924011.268	2026-10-01 17:35:24	4	reload	T-norm - Wikipedia
https://en.wikipedia.org/wiki/Category:Norms_(mathematics)	en.wikipedia.org	wikipedia.org	1790868938857.95	2026-10-01 17:35:38	4	link	Category:Norms (mathematics) - Wikipedia
https://en.wikipedia.org/wiki/T-norm_fuzzy_logics	en.wikipedia.org	wikipedia.org	1790868975605.809	2026-10-01 17:36:15	4	reload	T-norm fuzzy logics - Wikipedia
https://en.wikipedia.org/wiki/OBJ_(programming_language)	en.wikipedia.org	wikipedia.org	1790868982390.517	2026-10-01 17:36:22	4	reload	OBJ (programming language) - Wikipedia
https://en.wikipedia.org/wiki/OBJ3	en.wikipedia.org	wikipedia.org	1790869018464.968	2026-10-01 17:36:58	4	link	OBJ (programming language) - Wikipedia
https://en.wikipedia.org/wiki/OBJ_(programming_language)#OBJ3	en.wikipedia.org	wikipedia.org	1790869019069.403	2026-10-01 17:36:59	4	link	OBJ (programming language) - Wikipedia
https://en.wikipedia.org/wiki/Institution_(computer_science)	en.wikipedia.org	wikipedia.org	1790869023346.973	2026-10-01 17:37:03	4	reload	Institution (computer science) - Wikipedia
https://en.wikipedia.org/wiki/Institutional_model_theory	en.wikipedia.org	wikipedia.org	1790869072517.909	2026-10-01 17:37:52	4	link	Institutional model theory - Wikipedia
chrome-extension://hnncfhodpmpjchmmcnimoimkcojdmfhl/delayed.html?1&https://www.google.com/search?q=msc+thesis+pdf+free+download+%22formal+systems%22&newwindow=1&sca_esv=a6ed821c7d209103&sxsrf=APpeQntGdDipbmMCCWsT24MYxreMB4TyVA%3A1790696876173&ei=rN27ariBCrOgwPAPiL-YiAg&biw=1528&bih=698&uact=5&oq=msc+thesis+pdf+free+download+%22formal+systems%22&gs_lp=Egxnd3Mtd2l6LXNlcnAiLW1zYyB0aGVzaXMgcGRmIGZyZWUgZG93bmxvYWQgImZvcm1hbCBzeXN0ZW1zIjIFECEYoAEyBRAhGKABSMSoAVDFDFjFngFwAXgBkAEAmAH_B6AB6CCqAQwyLjEyLjUtMS4xLjG4AQPIAQD4AQGYAhCgAuMTwgIKEAAYRxjWBBiwA8ICBhAAGBYYHsICBRAAGO8FwgIHECEYChigAcICBBAhGAqYAwCIBgGQBgiSBwgxLjE0LjQtMaAHjD6yBwgwLjE0LjQtMbgHyxPCBwgwLjMuMTAuM8gHYIAIAQ&sclient=gws-wiz-serp	hnncfhodpmpjchmmcnimoimkcojdmfhl		1790869111931.306	2026-10-01 17:38:31	4	reload	Site Blocked (Block Set 1)
https://golem.ph.utexas.edu/category/2019/08/graphical_regular_logic.html	golem.ph.utexas.edu	utexas.edu	1790869125762.92	2026-10-01 17:38:45	4	reload	Graphical Regular Logic | The n-Category Café
chrome-extension://hnncfhodpmpjchmmcnimoimkcojdmfhl/delayed.html?1&https://en.wikiversity.org/wiki/Logical_graph#Two-thirds_majority_function	hnncfhodpmpjchmmcnimoimkcojdmfhl		1790869141050.862	2026-10-01 17:39:01	4	reload	Site Blocked (Block Set 1)
https://en.wikiversity.org/wiki/Logical_graph#Two-thirds_majority_function	en.wikiversity.org	wikiversity.org	1790869165339.883	2026-10-01 17:39:25	4	link	Logical graph - Wikiversity
https://en.wikiversity.org/wiki/Logical_graph#Primary_arithmetic_as_semiotic_system	en.wikiversity.org	wikiversity.org	1790869208043.422	2026-10-01 17:40:08	4	link	Logical graph - Wikiversity
https://en.wikiversity.org/wiki/Logical_graph#	en.wikiversity.org	wikiversity.org	1790869628177.284	2026-10-01 17:47:08	4	link	Logical graph - Wikiversity
https://en.wikiversity.org/wiki/Logical_graph#Abstract_point_of_view	en.wikiversity.org	wikiversity.org	1790869639623.836	2026-10-01 17:47:19	4	link	Logical graph - Wikiversity
https://en.wikiversity.org/wiki/Logical_graph#Primary_algebra_as_pattern_calculus	en.wikiversity.org	wikiversity.org	1790869653540.511	2026-10-01 17:47:33	4	link	Logical graph - Wikiversity
https://en.wikiversity.org/wiki/Differential_logic	en.wikiversity.org	wikiversity.org	1790870268962.95	2026-10-01 17:57:48	4	link	Differential logic - Wikiversity
https://en.wikiversity.org/wiki/Logical_matrix	en.wikiversity.org	wikiversity.org	1790870295980.339	2026-10-01 17:58:15	4	link	Logical matrix - Wikiversity
chrome-extension://hnncfhodpmpjchmmcnimoimkcojdmfhl/delayed.html?1&http://semanticweb.org/wiki/Logical_graph	hnncfhodpmpjchmmcnimoimkcojdmfhl		1790870344017.855	2026-10-01 17:59:04	4	link	Site Blocked (Block Set 1)
chrome-extension://hnncfhodpmpjchmmcnimoimkcojdmfhl/delayed.html?1&http://wikinfo.org/w/index.php/Logical_graph	hnncfhodpmpjchmmcnimoimkcojdmfhl		1790870351781.909	2026-10-01 17:59:11	4	link	Site Blocked (Block Set 1)
chrome-extension://hnncfhodpmpjchmmcnimoimkcojdmfhl/delayed.html?1&http://intersci.ss.uci.edu/wiki/index.php/Logical_graph	hnncfhodpmpjchmmcnimoimkcojdmfhl		1790870356373.125	2026-10-01 17:59:16	4	link	Site Blocked (Block Set 1)
chrome-extension://hnncfhodpmpjchmmcnimoimkcojdmfhl/delayed.html?1&http://semanticweb.org/wiki/Logical_graph	hnncfhodpmpjchmmcnimoimkcojdmfhl		1790870424059.814	2026-10-01 18:00:24	4	reload	Site Blocked (Block Set 1)
chrome-extension://hnncfhodpmpjchmmcnimoimkcojdmfhl/delayed.html?1&http://semanticweb.org/wiki/Logical_graph	hnncfhodpmpjchmmcnimoimkcojdmfhl		1790870443939.271	2026-10-01 18:00:43	4	reload	Site Blocked (Block Set 1)
chrome-extension://hnncfhodpmpjchmmcnimoimkcojdmfhl/delayed.html?1&http://wikinfo.org/w/index.php/Logical_graph	hnncfhodpmpjchmmcnimoimkcojdmfhl		1790871274045.46	2026-10-01 18:14:34	4	reload	Site Blocked (Block Set 1)
https://www.wikinfo.org/	www.wikinfo.org	wikinfo.org	1790871296566.143	2026-10-01 18:14:56	4	link	Wikinfo: Explore a Wealth of Knowledge
https://www.wikinfo.org/sitemap.html	www.wikinfo.org	wikinfo.org	1790871354941.349	2026-10-01 18:15:54	4	link	Site Map - Wikinfo: Discover Our Content
https://en.wikiversity.org/wiki/Category:Knowledge_Representation	en.wikiversity.org	wikiversity.org	1790871389380.04	2026-10-01 18:16:29	4	reload	Category:Knowledge Representation - Wikiversity
https://en.wikiversity.org/wiki/Category:Concept_mapping	en.wikiversity.org	wikiversity.org	1790871415912.758	2026-10-01 18:16:55	4	link	Category:Concept mapping - Wikiversity
https://en.wikiversity.org/wiki/Concept_mapping	en.wikiversity.org	wikiversity.org	1790871430247.283	2026-10-01 18:17:10	4	link	Concept mapping - Wikiversity
https://www.slideshare.net/slideshow/introduction-to-concept-mapping/81511	www.slideshare.net	slideshare.net	1790871510508.546	2026-10-01 18:18:30	4	link	Introduction to Concept Mapping | ODP
https://en.wikiversity.org/wiki/Concept_mapping/Gallery	en.wikiversity.org	wikiversity.org	1790871512455.029	2026-10-01 18:18:32	4	link	Concept mapping/Gallery - Wikiversity
https://en.wikipedia.org/wiki/Concept_map	en.wikipedia.org	wikipedia.org	1790871671879.186	2026-10-01 18:21:11	4	link	Concept map - Wikipedia
https://en.wikipedia.org/wiki/World_Wide_Web#History	en.wikipedia.org	wikipedia.org	1790871732079.946	2026-10-01 18:22:12	4	link	World Wide Web - Wikipedia
https://www.w3.org/History/1989/proposal.html	www.w3.org	w3.org	1790871742129.218	2026-10-01 18:22:22	4	link	The original proposal of the WWW, HTMLized
chrome-extension://hnncfhodpmpjchmmcnimoimkcojdmfhl/delayed.html?1&https://www.w3.org/History/1989/proposal.html	hnncfhodpmpjchmmcnimoimkcojdmfhl		1790871743659.38	2026-10-01 18:22:23	4	link	Site Blocked (Block Set 1)
chrome-extension://hnncfhodpmpjchmmcnimoimkcojdmfhl/delayed.html?1&https://en.wikibooks.org/wiki/Special:Search/Concept_mapping	hnncfhodpmpjchmmcnimoimkcojdmfhl		1790871764595.047	2026-10-01 18:22:44	4	link	Site Blocked (Block Set 1)
chrome-extension://hnncfhodpmpjchmmcnimoimkcojdmfhl/delayed.html?1&https://en.wikinews.org/wiki/Special:Search/Concept_mapping	hnncfhodpmpjchmmcnimoimkcojdmfhl		1790871785645.281	2026-10-01 18:23:05	4	link	Site Blocked (Block Set 1)
chrome-extension://hnncfhodpmpjchmmcnimoimkcojdmfhl/delayed.html?1&https://en.wikiversity.org/wiki/Category:Diagrams	hnncfhodpmpjchmmcnimoimkcojdmfhl		1790871812682.676	2026-10-01 18:23:32	4	link	Site Blocked (Block Set 1)
https://en.wikiversity.org/wiki/Category:Diagrams	en.wikiversity.org	wikiversity.org	1790871834934.104	2026-10-01 18:23:54	4	link	Category:Diagrams - Wikiversity
https://en.wikiversity.org/wiki/Path_diagram	en.wikiversity.org	wikiversity.org	1790871849671.732	2026-10-01 18:24:09	4	link	Path diagram - Wikiversity
chrome-extension://hnncfhodpmpjchmmcnimoimkcojdmfhl/delayed.html?1&https://www.scribd.com/oauth/authorize?state=71efb0cc36a6f6e88ae6806f5dadc3&scope=read&redirect_uri=https%3A%2F%2Fwww.slideshare.net%2Fscribd%2Fcallback%3Fdownload%3Dtrue%26from_source%3Dhttps%253A%252F%252Fwww.slideshare.net%252Fslideshow%252Fintroduction-to-concept-mapping%252F81511%253Ffrom_action%253Ddownload%2526slideshow_id%253D81511&language=en&initial_view=join&slide=cUE5MFAyNkNIdDRYZTlXdWFxeENETE1ROTFCN29XOVFob0FJUkF6RUJ6T21sUHR3RTUxSHdiRnVyMzNHa2xUWXBESDJuMjZaN1lUTThJZjlBN21rUHRtc2tkdzIzOVVmQlNxZHZWRHZpVWJjM2FWSG80R01YTXVvWjVoVlRteTBuZFMvdkZ5ZzdsL21tRVFKMHBXVVJRQ2FMWGp5OFIyVEhrYlZqWjNKa09LWU1GSTNFbUJRY2dYWktLeUlwb240dmhJUGZrWWdhZGp5TUlJQUFsdytLY1Bmc25Ea0tFUXltREkvdkVEa2ZEdjdraC9VZjR0UGwzTVEwdlA0UHVYd043SFExdmNLcnA0cG5RZ2EzK2Y3UkE9PS0tUjR5VE9MOXZBd2Q0WENRbm5zcDhxZz09--ce050225c32f42e928dc8370902de3c90fb0b72c&using_auth0=true&return_to=https%3A%2F%2Fwww.slideshare.net%2Fscribd%2Fsubscription_callback%3Ffrom_source%3Dhttps%253A%252F%252Fwww.slideshare.net%252Fslideshow%252Fintroduction-to-concept-mapping%252F81511%253Ffrom_action%253Ddownload%2526slideshow_id%253D81511&incentivized_upload_count=2&incentivized_upload_return_to=https%3A%2F%2Fwww.slideshare.net%2Fupload%3Fdownload_id%3D81511&browser_id=2f609fb9-8042-4f84-a104-21512b1862fa&subscription_required=true&utm_medium=cpc&utm_source=slideshare&utm_campaign=oauth&utm_term=2f609fb9-8042-4f84-a104-21512b1862fa&response_type=code&client_id=jlXnJCBZlKrJ-DTlpY9N3BsaOUrA3xfaJpWC2pekxas	hnncfhodpmpjchmmcnimoimkcojdmfhl		1790871920346.97	2026-10-01 18:25:20	4	link	Site Blocked (Block Set 1)
chrome-extension://hnncfhodpmpjchmmcnimoimkcojdmfhl/delayed.html?1&https://en.wikipedia.org/wiki/History_of_the_World_Wide_Web	hnncfhodpmpjchmmcnimoimkcojdmfhl		1790871946613.87	2026-10-01 18:25:46	4	link	Site Blocked (Block Set 1)
https://www.google.com/search?q=paracomplete+logic&newwindow=1&sca_esv=f3de7034d550a016&biw=1222&bih=559&sxsrf=APpeQntN_94iBRwHYyJ0G_uc8dGtVbl-qg%3A1790808230143&ei=ppC9ar-LCLDRwPAPpLq_mQ0&uact=5&oq=paracomplete+logic&gs_lp=Egxnd3Mtd2l6LXNlcnAiEnBhcmFjb21wbGV0ZSBsb2dpYzIIEAAYgAQYywEyBhAAGAgYHjIGEAAYCBgeMgUQABjvBTIIEAAYgAQYogQyBRAAGO8FMgUQABjvBUieElAAWKwKcAB4AJABAJgBkwGgAfIDqgEDMC40uAEDyAEA-AEBmAIDoAKhA5gDAJIHAzAuM6AH-AmyBwMwLjO4B6EDwgcDMi0zyAcQgAgB&sclient=gws-wiz-serp	www.google.com	google.com	1790924492741.961	2026-10-02 09:01:32	5	reload	paracomplete logic - Hledat Googlem
https://produkty.chmi.cz/aladin/	produkty.chmi.cz	chmi.cz	1790924509678.805	2026-10-02 09:01:49	5	typed	ALADIN mapy
https://produkty.chmi.cz/aladin/	produkty.chmi.cz	chmi.cz	1790953555820.017	2026-10-02 17:05:55	5	reload	ALADIN mapy
chrome-extension://hnncfhodpmpjchmmcnimoimkcojdmfhl/delayed.html?1&https://onedrive.live.com/shared?id=%2Fpersonal%2Fbd7ec0ac1b4d4a31%2FDocuments%2FDocuments%2F011%20POMOC%20napoveda%20aaaa%2Epubl%2Edir&listurl=%2Fpersonal%2Fbd7ec0ac1b4d4a31%2FDocuments	hnncfhodpmpjchmmcnimoimkcojdmfhl		1790967912737.34	2026-10-02 21:05:12	5	reload	Site Blocked (Block Set 1)
https://www.google.com/search?q=777606335&oq=777606335&gs_lcrp=EgRlZGdlKgYIABBFGDkyBggAEEUYOTIKCAEQABiABBiiBDIHCAIQABjvBTIKCAMQABiABBiiBNIBCDY0NTVqMGozqAIAsAIA&sourceid=chrome&ie=UTF-8	www.google.com	google.com	1790967930342.4	2026-10-02 21:05:30	5	generated	777606335 - Hledat Googlem
https://kdotovolal.cz/cislo/420777606335/	kdotovolal.cz	kdotovolal.cz	1790967984728.166	2026-10-02 21:06:24	5	link	Telefonní číslo +420777606335 | Kdotovolal.cz
https://www.google.com/search?q=6040222%2F0800&newwindow=1&sca_esv=4d65981f01013b52&sxsrf=APpeQntaUpRSPG0dOIIQpNYKw31-zLUfDQ%3A1790967930432&ei=egDAapruGan-wPAP2NfwsQs&biw=1222&bih=559&uact=5&oq=6040222%2F0800&gs_lp=Egxnd3Mtd2l6LXNlcnAiDDYwNDAyMjIvMDgwMEiqxgFQAFj7vwFwAXgAkAEAmAHyAaABtwyqAQYwLjExLjG4AQPIAQD4AQGYAgigAo8JqAIUwgIHECMY6gIYJ8ICDRAjGPAFGMkCGOoCGCfCAg0QIxjJAhjwBRjqAhgnwgIQEAAYAxiPARjqAhi0AtgBAcICEBAuGAMYjwEY6gIYtALYAQHCAggQABiABBixA8ICBRAuGIAEwgIFEAAYgATCAgsQABiABBixAxiDAcICCBAAGIAEGMsBwgIIEC4YgAQYywHCAggQABiABBiiBMICBRAAGO8FmAMa8QVWX7lNUZwDc7oGBggBEAEYCpIHBTEuNi4xoAfUHrIHBTAuNi4xuAf0CMIHBzItMy40LjHIB1qACAE&sclient=gws-wiz-serp	www.google.com	google.com	1790968021538.943	2026-10-02 21:07:01	5	form_submit	6040222/0800 - Hledat Googlem
https://gemini.google.com/share/continue/e1899a580357	gemini.google.com	google.com	1790968110554.951	2026-10-02 21:08:30	5	reload	Google Gemini
https://ionapoppydesigns.com/products/the-beatles-greatest-hits-doodle-fan-12662	ionapoppydesigns.com	ionapoppydesigns.com	1790968110954.844	2026-10-02 21:08:30	5	reload	The Beatles - Greatest Hits Lyric Print | Doodle – Iona Poppy Designs
https://gemini.google.com/app/a7549f346911f6a4	gemini.google.com	google.com	1790968122516.396	2026-10-02 21:08:42	5	link	Google Gemini
chrome-extension://hnncfhodpmpjchmmcnimoimkcojdmfhl/delayed.html?1&https://www.rewire.it/blog/tensor-logic-one-equation-to-rule-them-all/	hnncfhodpmpjchmmcnimoimkcojdmfhl		1790969312737.188	2026-10-02 21:28:32	5	reload	Site Blocked (Block Set 1)
chrome-extension://hnncfhodpmpjchmmcnimoimkcojdmfhl/delayed.html?1&https://encrypted-tbn0.gstatic.com/images?q=tbn:ANd9GcRuRwV8XOhFP26ThcOWaSv3wGFh4Unz904gN8yrusDh-Aw9CujX5hFLWJmi&s=10	hnncfhodpmpjchmmcnimoimkcojdmfhl		1790969319785.646	2026-10-02 21:28:39	5	reload	Site Blocked (Block Set 1)
chrome-extension://hnncfhodpmpjchmmcnimoimkcojdmfhl/delayed.html?1&https://github.com/zekebass/tensor-logic	hnncfhodpmpjchmmcnimoimkcojdmfhl		1790969329470.865	2026-10-02 21:28:49	5	reload	Site Blocked (Block Set 1)
https://www.google.com/search?q=a..categories-in-math&oq=a..categories-in-math&gs_lcrp=EgRlZGdlKgYIABBFGDkyBggAEEUYOTIGCAEQRRhB0gEIMjE5NWowajmoAgCwAgE&sourceid=chrome&source=chrome.ob&ie=UTF-8	www.google.com	google.com	1790969339081.88	2026-10-02 21:28:59	5	reload	a..categories-in-math - Hledat Googlem
https://github.com/search?q=org%3ATensorNetwork+language&type=code	github.com	github.com	1790969344982.483	2026-10-02 21:29:04	5	reload	Code search results
https://meta.wikimedia.org/wiki/List_of_Wikipedias	meta.wikimedia.org	wikimedia.org	1790969353563.804	2026-10-02 21:29:13	5	reload	List of Wikipedias - Meta-Wiki
https://meta.wikimedia.org/wiki/List_of_largest_wikis	meta.wikimedia.org	wikimedia.org	1790969403102.643	2026-10-02 21:30:03	5	link	List of largest wikis - Meta-Wiki
https://en.wikipedia.org/wiki/Gothic_language	en.wikipedia.org	wikipedia.org	1790969542834.321	2026-10-02 21:32:22	5	link	Gothic language - Wikipedia
https://en.wikipedia.org/wiki/Tok_Pisin_language	en.wikipedia.org	wikipedia.org	1790969581735.511	2026-10-02 21:33:01	5	link	Tok Pisin - Wikipedia
https://en.wikipedia.org/wiki/Tok_Pisin	en.wikipedia.org	wikipedia.org	1790969585267.952	2026-10-02 21:33:05	5	link	Tok Pisin - Wikipedia
https://meta.wikimedia.org/wiki/Abstract_Wikipedia	meta.wikimedia.org	wikimedia.org	1790969686493.918	2026-10-02 21:34:46	5	link	Abstract Wikipedia - Meta-Wiki
https://meta.wikimedia.org/wiki/Special_language_codes	meta.wikimedia.org	wikimedia.org	1790969764261.03	2026-10-02 21:36:04	5	link	Special language codes - Meta-Wiki
https://meta.wikimedia.org/wiki/Requests_for_new_languages/Wikipedia_Toki_Pona_2	meta.wikimedia.org	wikimedia.org	1790969784774.673	2026-10-02 21:36:24	5	link	Requests for new languages/Wikipedia Toki Pona 2 - Meta-Wiki
https://incubator.wikimedia.org/wiki/Template:Tests/wp	incubator.wikimedia.org	wikimedia.org	1790969833464.032	2026-10-02 21:37:13	5	link	Template:Tests/wp - Wikimedia Incubator
https://www.resilience.org/stories/2025-03-17/why-wikis-are-a-useful-tool-to-protect-online-information-from-being-disappeared/	www.resilience.org	resilience.org	1790969839818.731	2026-10-02 21:37:19	5	reload	Why Wikis Are a Useful Tool to Protect Online Information From Being ‘Disappeared’ - resilience
https://www.google.com/search?newwindow=1&sca_esv=316c0d1cb0936c39&sxsrf=APpeQnveUVGelFoNvSe6sFn5BbDe68PPTw:1790786376195&q=Domingos,+P.+(2025).+%22Tensor+Logic:+The+Language+of+AI.%22+arXiv:2510.12269.+Lines+14-18.+%E2%86%A9&source=lnms&fbs=ABfTbFV0iOAe5bfNeqyKguXm6dMy_0ApBOceFCSJ56j3b6FgHhiePJsdpZG-T28G_MN3pIv4eV5Q0U-L83cc0ypXHoajYYnLKAgbBGAQzxWTQs9Ng2M8gTe0wKvpr-JzNGu6jY98G6L7ckPvEzLiIdTTV56WpvUT2N79HF2IPrLtGpf2-0iblsgOPlC38V0cDYXgZi6tbwkX&sa=X&ved=2ahUKEwi_3siO35aXAxVBIBAIHV2nAFcQ0pQJegQIDxAB&biw=1222&bih=559&dpr=1.56	www.google.com	google.com	1790969845136.007	2026-10-02 21:37:25	5	reload	Domingos, P. (2025). "Tensor Logic: The Language of AI." arXiv:2510.12269. Lines 14-18. ↩ - Hledat Googlem
https://gemini.google.com/app/51cdff0c2f397d1e	gemini.google.com	google.com	1790969849019.543	2026-10-02 21:37:29	5	reload	Google Gemini
https://en.wikipedia.org/wiki/List_of_wikis	en.wikipedia.org	wikipedia.org	1790969912182.357	2026-10-02 21:38:32	5	link	List of wikis - Wikipedia
chrome-extension://hnncfhodpmpjchmmcnimoimkcojdmfhl/delayed.html?1&https://en.wikipedia.org/wiki/NLab	hnncfhodpmpjchmmcnimoimkcojdmfhl		1790970030351.396	2026-10-02 21:40:30	5	link	Site Blocked (Block Set 1)
https://en.wikipedia.org/wiki/Gothic_language#See_also	en.wikipedia.org	wikipedia.org	1790970217112.45	2026-10-02 21:43:37	5	link	Gothic language - Wikipedia
chrome-extension://hnncfhodpmpjchmmcnimoimkcojdmfhl/delayed.html?1&https://en.wikipedia.org/wiki/Gothic_language#See_also	hnncfhodpmpjchmmcnimoimkcojdmfhl		1790970217273.226	2026-10-02 21:43:37	5	link	Site Blocked (Block Set 1)
chrome-extension://hnncfhodpmpjchmmcnimoimkcojdmfhl/delayed.html?1&https://www.mediawiki.org/wiki/Special:MyLanguage/Help:Qqx	hnncfhodpmpjchmmcnimoimkcojdmfhl		1790970262304.142	2026-10-02 21:44:22	5	link	Site Blocked (Block Set 1)
chrome-extension://hnncfhodpmpjchmmcnimoimkcojdmfhl/delayed.html?1&https://tok.wikipedia.org/	hnncfhodpmpjchmmcnimoimkcojdmfhl		1790970318091.502	2026-10-02 21:45:18	5	link	Site Blocked (Block Set 1)
chrome-extension://hnncfhodpmpjchmmcnimoimkcojdmfhl/delayed.html?1&https://en.wikipedia.org/wiki/American%20Sign%20language	hnncfhodpmpjchmmcnimoimkcojdmfhl		1790970353844.831	2026-10-02 21:45:53	5	link	Site Blocked (Block Set 1)
chrome-extension://hnncfhodpmpjchmmcnimoimkcojdmfhl/delayed.html?1&https://arxiv.org/abs/2510.12269	hnncfhodpmpjchmmcnimoimkcojdmfhl		1790970390843.321	2026-10-02 21:46:30	5	reload	Site Blocked (Block Set 1)
chrome-extension://hnncfhodpmpjchmmcnimoimkcojdmfhl/delayed.html?1&https://arxiv.org/html/2510.12269v3	hnncfhodpmpjchmmcnimoimkcojdmfhl		1790970395985.739	2026-10-02 21:46:35	5	link	Site Blocked (Block Set 1)
chrome-extension://blillmbchncajnhkjfdnincfndboieik/src/pdf-viewer/index.html?file=https%3A%2F%2Farxiv.org%2Fpdf%2F2510.12269	blillmbchncajnhkjfdnincfndboieik		1790970399432.3	2026-10-02 21:46:39	5	reload	2510.12269 — Glasp
chrome-extension://hnncfhodpmpjchmmcnimoimkcojdmfhl/delayed.html?1&https://homes.cs.washington.edu/~pedrod/papers/cacm19.pdf	hnncfhodpmpjchmmcnimoimkcojdmfhl		1790970409069.291	2026-10-02 21:46:49	5	link	Site Blocked (Block Set 1)
chrome-extension://hnncfhodpmpjchmmcnimoimkcojdmfhl/delayed.html?1&https://homes.cs.washington.edu/~pedrod/tls.pdf	hnncfhodpmpjchmmcnimoimkcojdmfhl		1790970417678.689	2026-10-02 21:46:57	5	link	Site Blocked (Block Set 1)
chrome-extension://hnncfhodpmpjchmmcnimoimkcojdmfhl/delayed.html?1&https://tldr.takara.ai/p/2510.12269	hnncfhodpmpjchmmcnimoimkcojdmfhl		1790970421730.765	2026-10-02 21:47:01	5	reload	Site Blocked (Block Set 1)
chrome-extension://hnncfhodpmpjchmmcnimoimkcojdmfhl/delayed.html?1&https://www.semanticscholar.org/paper/Tensor-Logic%3A-The-Language-of-AI-Domingos/ed1969f20e598594eb1d9c4d5cb11ba3d27943be	hnncfhodpmpjchmmcnimoimkcojdmfhl		1790970428317.234	2026-10-02 21:47:08	5	reload	Site Blocked (Block Set 1)
chrome-extension://hnncfhodpmpjchmmcnimoimkcojdmfhl/delayed.html?1&https://huggingface.co/papers/2510.12269	hnncfhodpmpjchmmcnimoimkcojdmfhl		1790970435732.282	2026-10-02 21:47:15	5	reload	Site Blocked (Block Set 1)
chrome-extension://hnncfhodpmpjchmmcnimoimkcojdmfhl/delayed.html?1&https://en.wikipedia.org/wiki/Joseph_Goguen#Research_areas	hnncfhodpmpjchmmcnimoimkcojdmfhl		1790970496480.031	2026-10-02 21:48:16	5	link	Site Blocked (Block Set 1)
chrome-extension://hnncfhodpmpjchmmcnimoimkcojdmfhl/delayed.html?1&https://en.wikipedia.org/wiki/Institution_(computer_science)	hnncfhodpmpjchmmcnimoimkcojdmfhl		1790970500125.147	2026-10-02 21:48:20	5	link	Site Blocked (Block Set 1)
chrome-extension://hnncfhodpmpjchmmcnimoimkcojdmfhl/delayed.html?1&https://en.wikipedia.org/wiki/Institutional_model_theory	hnncfhodpmpjchmmcnimoimkcojdmfhl		1790970506647.955	2026-10-02 21:48:26	5	link	Site Blocked (Block Set 1)
https://en.wikipedia.org/wiki/Institutional_model_theory	en.wikipedia.org	wikipedia.org	1790970527289.877	2026-10-02 21:48:47	5	link	Institutional model theory - Wikipedia
https://en.wikipedia.org/wiki/Logical_system	en.wikipedia.org	wikipedia.org	1790970748707.733	2026-10-02 21:52:28	5	link	Formal system - Wikipedia
https://en.wikipedia.org/wiki/Formal_system#Logical_system	en.wikipedia.org	wikipedia.org	1790970751964.219	2026-10-02 21:52:31	5	link	Formal system - Wikipedia
chrome-extension://hnncfhodpmpjchmmcnimoimkcojdmfhl/delayed.html?1&https://en.wikipedia.org/wiki/Institution_(computer_science)	hnncfhodpmpjchmmcnimoimkcojdmfhl		1790970765297.869	2026-10-02 21:52:45	5	link	Site Blocked (Block Set 1)
https://en.wikipedia.org/wiki/Institution_(computer_science)	en.wikipedia.org	wikipedia.org	1790970785889.741	2026-10-02 21:53:05	5	link	Institution (computer science) - Wikipedia
https://en.wikipedia.org/wiki/Talk:Institution_(computer_science)	en.wikipedia.org	wikipedia.org	1790970840508.616	2026-10-02 21:54:00	5	link	Talk:Institution (computer science) - Wikipedia
https://en.wikipedia.org/wiki/Sentence_(mathematical_logic)	en.wikipedia.org	wikipedia.org	1790970871312.719	2026-10-02 21:54:31	5	link	Sentence (mathematical logic) - Wikipedia
chrome-extension://hnncfhodpmpjchmmcnimoimkcojdmfhl/delayed.html?1&https://www.google.com/search?q=a+category+%F0%9D%91%86+%F0%9D%91%96+%F0%9D%91%94+%F0%9D%91%9B+of+signatures%2C&oq=a+category++%F0%9D%91%86+%F0%9D%91%96+%F0%9D%91%94+%F0%9D%91%9B++of+signatures%2C&gs_lcrp=EgRlZGdlKgYIABBFGDkyBggAEEUYOTIGCAEQRRhAMgYIAhBFGECoAgCwAgA&sourceid=chrome&ie=UTF-8&source=chrome.ctxt	hnncfhodpmpjchmmcnimoimkcojdmfhl		1790970993969.899	2026-10-02 21:56:33	5	link	Site Blocked (Block Set 1)
https://en.wikipedia.org/wiki/Intuitionistic_logic	en.wikipedia.org	wikipedia.org	1790971108529.684	2026-10-02 21:58:28	5	link	Intuitionistic logic - Wikipedia
https://en.wikipedia.org/wiki/Propositional_logic	en.wikipedia.org	wikipedia.org	1790971115234.212	2026-10-02 21:58:35	5	link	Propositional logic - Wikipedia
chrome-extension://hnncfhodpmpjchmmcnimoimkcojdmfhl/delayed.html?1&http://www-cse.ucsd.edu/users/goguen/projs/inst.html	hnncfhodpmpjchmmcnimoimkcojdmfhl		1790971136367.989	2026-10-02 21:58:56	5	link	Site Blocked (Block Set 1)
chrome-extension://hnncfhodpmpjchmmcnimoimkcojdmfhl/delayed.html?1&https://web.archive.org/web/20191001091334/http://www.informatik.uni-bremen.de/flirts/	hnncfhodpmpjchmmcnimoimkcojdmfhl		1790971159310.267	2026-10-02 21:59:19	5	link	Site Blocked (Block Set 1)
https://en.wikipedia.org/wiki/Category:Mathematical_logic	en.wikipedia.org	wikipedia.org	1790971230594.291	2026-10-02 22:00:30	5	link	Category:Mathematical logic - Wikipedia
https://en.wikipedia.org/wiki/Category:Categorical_logic	en.wikipedia.org	wikipedia.org	1790971273350.259	2026-10-02 22:01:13	5	link	Category:Categorical logic - Wikipedia
https://en.wikipedia.org/wiki/Category:Algebraic_logic	en.wikipedia.org	wikipedia.org	1790971302607.776	2026-10-02 22:01:42	5	link	Category:Algebraic logic - Wikipedia
https://en.wikipedia.org/wiki/Category:Boolean_algebra	en.wikipedia.org	wikipedia.org	1790971311078.456	2026-10-02 22:01:51	5	link	Category:Boolean algebra - Wikipedia
https://en.wikipedia.org/wiki/Category:Logic_in_computer_science	en.wikipedia.org	wikipedia.org	1790971318378.108	2026-10-02 22:01:58	5	link	Category:Logic in computer science - Wikipedia
https://en.wikipedia.org/wiki/Category:Constructivism_(philosophy_of_mathematics)	en.wikipedia.org	wikipedia.org	1790971324256.077	2026-10-02 22:02:04	5	link	Category:Constructivism (philosophy of mathematics) - Wikipedia
https://en.wikipedia.org/wiki/Category:Formal_systems	en.wikipedia.org	wikipedia.org	1790971328654.593	2026-10-02 22:02:08	5	link	Category:Formal systems - Wikipedia
https://en.wikipedia.org/wiki/Category:Formal_languages	en.wikipedia.org	wikipedia.org	1790971334275.675	2026-10-02 22:02:14	5	link	Category:Formal languages - Wikipedia
https://en.wikipedia.org/wiki/Category:Mathematical_logic_hierarchies	en.wikipedia.org	wikipedia.org	1790971342274.247	2026-10-02 22:02:22	5	link	Category:Mathematical logic hierarchies - Wikipedia
https://produkty.chmi.cz/aladin/	produkty.chmi.cz	chmi.cz	1790971374932.491	2026-10-02 22:02:54	5	reload	ALADIN mapy
https://en.wikipedia.org/wiki/Abstract_logic	en.wikipedia.org	wikipedia.org	1790971427654.126	2026-10-02 22:03:47	5	link	Abstract logic - Wikipedia
https://en.wikipedia.org/wiki/Cartesian_monoid	en.wikipedia.org	wikipedia.org	1790971447862.182	2026-10-02 22:04:07	5	link	Cartesian monoid - Wikipedia
https://en.wikipedia.org/wiki/Categorical_theory	en.wikipedia.org	wikipedia.org	1790971456492.118	2026-10-02 22:04:16	5	link	Categorical theory - Wikipedia
https://en.wikipedia.org/wiki/Class_logic	en.wikipedia.org	wikipedia.org	1790971461152.242	2026-10-02 22:04:21	5	link	Class logic - Wikipedia
https://en.wikipedia.org/wiki/G%C3%B6del_logic	en.wikipedia.org	wikipedia.org	1790971530166.976	2026-10-02 22:05:30	5	link	Gödel logic - Wikipedia
https://en.wikipedia.org/wiki/List_of_axiomatic_systems_in_logic	en.wikipedia.org	wikipedia.org	1790971567321.371	2026-10-02 22:06:07	5	link	List of axiomatic systems in logic - Wikipedia
https://en.wikipedia.org/wiki/Residuated_lattice	en.wikipedia.org	wikipedia.org	1790971606052.677	2026-10-02 22:06:46	5	link	Residuated lattice - Wikipedia
https://en.wikipedia.org/wiki/Stratification_(mathematics)	en.wikipedia.org	wikipedia.org	1790971632892.899	2026-10-02 22:07:12	5	link	Stratification (mathematics) - Wikipedia
https://en.wikipedia.org/wiki/Strength_(mathematical_logic)	en.wikipedia.org	wikipedia.org	1790971636609.577	2026-10-02 22:07:16	5	link	Strength (mathematical logic) - Wikipedia
https://en.wikipedia.org/w/index.php?title=Category:Mathematical_logic&pagefrom=Universe+%28mathematics%29#mw-pages	en.wikipedia.org	wikipedia.org	1790971664559.504	2026-10-02 22:07:44	5	link	Category:Mathematical logic - Wikipedia
https://en.wikipedia.org/wiki/De_Morgan_algebra	en.wikipedia.org	wikipedia.org	1790971719756.778	2026-10-02 22:08:39	5	link	De Morgan algebra - Wikipedia
https://en.wikipedia.org/wiki/Residuated_Boolean_algebra	en.wikipedia.org	wikipedia.org	1790971725077.625	2026-10-02 22:08:45	5	link	Residuated Boolean algebra - Wikipedia
https://en.wikipedia.org/wiki/Ockham_algebra	en.wikipedia.org	wikipedia.org	1790971729373.882	2026-10-02 22:08:49	5	link	Ockham algebra - Wikipedia
https://en.wikipedia.org/wiki/MV-algebra	en.wikipedia.org	wikipedia.org	1790971733120.308	2026-10-02 22:08:53	5	link	MV-algebra - Wikipedia
https://en.wikipedia.org/wiki/Monadic_Boolean_algebra	en.wikipedia.org	wikipedia.org	1790971735908.125	2026-10-02 22:08:55	5	link	Monadic Boolean algebra - Wikipedia
https://en.wikipedia.org/wiki/Leibniz_operator	en.wikipedia.org	wikipedia.org	1790971742213.519	2026-10-02 22:09:02	5	link	Leibniz operator - Wikipedia
https://en.wikipedia.org/wiki/Monadic_logic	en.wikipedia.org	wikipedia.org	1790971839163.262	2026-10-02 22:10:39	5	link	Monadic predicate calculus - Wikipedia
https://en.wikipedia.org/wiki/Monadic_predicate_calculus	en.wikipedia.org	wikipedia.org	1790971841312.642	2026-10-02 22:10:41	5	link	Monadic predicate calculus - Wikipedia
https://en.wikipedia.org/wiki/Variety_(universal_algebra)	en.wikipedia.org	wikipedia.org	1790971843984.449	2026-10-02 22:10:43	5	link	Variety (universal algebra) - Wikipedia
https://en.wikipedia.org/wiki/Variety_(universal_algebra)#Category_theory	en.wikipedia.org	wikipedia.org	1790971904875.801	2026-10-02 22:11:44	5	link	Variety (universal algebra) - Wikipedia
https://en.wikipedia.org/wiki/Quasivariety	en.wikipedia.org	wikipedia.org	1790971930054.942	2026-10-02 22:12:10	5	link	Quasivariety - Wikipedia
https://en.wikipedia.org/wiki/Deductive_system	en.wikipedia.org	wikipedia.org	1790971957269.534	2026-10-02 22:12:37	5	link	Formal system - Wikipedia
https://en.wikipedia.org/wiki/Formal_system#Deductive_system	en.wikipedia.org	wikipedia.org	1790971959174.463	2026-10-02 22:12:39	5	link	Formal system - Wikipedia
chrome-extension://hnncfhodpmpjchmmcnimoimkcojdmfhl/delayed.html?1&https://plato.stanford.edu/entries/logic-algebraic-propositional/	hnncfhodpmpjchmmcnimoimkcojdmfhl		1790972060876.775	2026-10-02 22:14:20	5	link	Site Blocked (Block Set 1)
https://en.wikipedia.org/wiki/Talk:Leibniz_operator	en.wikipedia.org	wikipedia.org	1790972063876.494	2026-10-02 22:14:23	5	link	Talk:Leibniz operator - Wikipedia
https://en.wikipedia.org/wiki/Leibniz_operator	en.wikipedia.org	wikipedia.org	1790972069773.802	2026-10-02 22:14:29	5	link	Leibniz operator - Wikipedia
https://en.wikipedia.org/wiki/Abstract_algebraic_logic	en.wikipedia.org	wikipedia.org	1790972073807.693	2026-10-02 22:14:33	5	link	Abstract algebraic logic - Wikipedia
https://en.wikipedia.org/wiki/Lindenbaum%E2%80%93Tarski_algebra	en.wikipedia.org	wikipedia.org	1790972081032.109	2026-10-02 22:14:41	5	link	Lindenbaum–Tarski algebra - Wikipedia
chrome-extension://hnncfhodpmpjchmmcnimoimkcojdmfhl/delayed.html?1&https://plato.stanford.edu/entries/logic-algebraic-propositional/	hnncfhodpmpjchmmcnimoimkcojdmfhl		1790972107901.146	2026-10-02 22:15:07	5	reload	Site Blocked (Block Set 1)
https://plato.stanford.edu/entries/logic-algebraic-propositional/	plato.stanford.edu	stanford.edu	1790972129759.453	2026-10-02 22:15:29	5	link	Algebraic Propositional Logic (Stanford Encyclopedia of Philosophy)
https://plato.stanford.edu/entries/logic-intuitionistic/	plato.stanford.edu	stanford.edu	1790972720285.522	2026-10-02 22:25:20	5	link	Intuitionistic Logic (Stanford Encyclopedia of Philosophy)
https://plato.stanford.edu/entries/logic-linear/	plato.stanford.edu	stanford.edu	1790972774263.483	2026-10-02 22:26:14	5	link	Linear Logic (Stanford Encyclopedia of Philosophy)
https://plato.stanford.edu/entries/logic-relevance/	plato.stanford.edu	stanford.edu	1790972791607.876	2026-10-02 22:26:31	5	link	Relevance Logic (Stanford Encyclopedia of Philosophy)
https://plato.stanford.edu/entries/logic-manyvalued/	plato.stanford.edu	stanford.edu	1790973020456.7	2026-10-02 22:30:20	5	link	Many-Valued Logic (Stanford Encyclopedia of Philosophy)
https://en.wikipedia.org/wiki/Hierarchy_(mathematics)	en.wikipedia.org	wikipedia.org	1790973330505.651	2026-10-02 22:35:30	5	link	Hierarchy (mathematics) - Wikipedia
https://en.wikipedia.org/wiki/Difference_hierarchy	en.wikipedia.org	wikipedia.org	1790973359923.132	2026-10-02 22:35:59	5	link	Difference hierarchy - Wikipedia
https://en.wikipedia.org/wiki/Borel_hierarchy	en.wikipedia.org	wikipedia.org	1790973362576.658	2026-10-02 22:36:02	5	link	Borel hierarchy - Wikipedia
https://en.wikipedia.org/wiki/Wadge_hierarchy	en.wikipedia.org	wikipedia.org	1790973364475.216	2026-10-02 22:36:04	5	link	Wadge hierarchy - Wikipedia
https://en.wikipedia.org/wiki/Abstract_algebraic_hierarchy	en.wikipedia.org	wikipedia.org	1790973369557.606	2026-10-02 22:36:09	5	link	Leibniz operator - Wikipedia
https://en.wikipedia.org/wiki/Leibniz_operator#Hierarchy	en.wikipedia.org	wikipedia.org	1790973370460.688	2026-10-02 22:36:10	5	link	Leibniz operator - Wikipedia
https://en.wikipedia.org/wiki/Algebraic_semantics_(mathematical_logic)	en.wikipedia.org	wikipedia.org	1790973429359.784	2026-10-02 22:37:09	5	link	Algebraic semantics (mathematical logic) - Wikipedia
https://en.wikipedia.org/wiki/Category:Boolean_algebra	en.wikipedia.org	wikipedia.org	1790973440974.772	2026-10-02 22:37:20	5	reload	Category:Boolean algebra - Wikipedia
https://en.wikipedia.org/wiki/Category:Fuzzy_logic	en.wikipedia.org	wikipedia.org	1790973485475.074	2026-10-02 22:38:05	5	link	Category:Fuzzy logic - Wikipedia
https://en.wikipedia.org/wiki/Category:Logic_families	en.wikipedia.org	wikipedia.org	1790973497058.584	2026-10-02 22:38:17	5	link	Category:Logic families - Wikipedia
https://en.wikipedia.org/wiki/Bates%27s_chip	en.wikipedia.org	wikipedia.org	1790973538387.457	2026-10-02 22:38:58	5	link	Bates's chip - Wikipedia
https://en.wikipedia.org/wiki/IEEE_1855	en.wikipedia.org	wikipedia.org	1790973547431.107	2026-10-02 22:39:07	5	link	IEEE 1855 - Wikipedia
https://en.wikipedia.org/wiki/Vague_set	en.wikipedia.org	wikipedia.org	1790973561879.46	2026-10-02 22:39:21	5	link	Vague set - Wikipedia
https://en.wikipedia.org/wiki/Minimal_logic	en.wikipedia.org	wikipedia.org	1790973620035.971	2026-10-02 22:40:20	5	link	Minimal logic - Wikipedia
chrome-extension://hnncfhodpmpjchmmcnimoimkcojdmfhl/delayed.html?1&https://en.wikipedia.org/wiki/Intuitionistic_logic	hnncfhodpmpjchmmcnimoimkcojdmfhl		1790973723749.164	2026-10-02 22:42:03	5	link	Site Blocked (Block Set 1)
chrome-extension://hnncfhodpmpjchmmcnimoimkcojdmfhl/delayed.html?1&https://en.wikipedia.org/wiki/Propositional_logic	hnncfhodpmpjchmmcnimoimkcojdmfhl		1790973726195.114	2026-10-02 22:42:06	5	link	Site Blocked (Block Set 1)
chrome-extension://hnncfhodpmpjchmmcnimoimkcojdmfhl/delayed.html?1&https://en.wikipedia.org/wiki/Talk:Institution_(computer_science)	hnncfhodpmpjchmmcnimoimkcojdmfhl		1790973733760.244	2026-10-02 22:42:13	5	link	Site Blocked (Block Set 1)
chrome-extension://hnncfhodpmpjchmmcnimoimkcojdmfhl/delayed.html?1&https://en.wikipedia.org/wiki/Sentence_(mathematical_logic)	hnncfhodpmpjchmmcnimoimkcojdmfhl		1790973736118.954	2026-10-02 22:42:16	5	link	Site Blocked (Block Set 1)
chrome-extension://hnncfhodpmpjchmmcnimoimkcojdmfhl/delayed.html?1&https://en.wikipedia.org/wiki/Formal_system#Logical_system	hnncfhodpmpjchmmcnimoimkcojdmfhl		1790973739654.97	2026-10-02 22:42:19	5	link	Site Blocked (Block Set 1)
chrome-extension://hnncfhodpmpjchmmcnimoimkcojdmfhl/delayed.html?1&https://www.google.com/search?q=co-godel+many-valued+paraconsistent+logic&newwindow=1&sca_esv=f3de7034d550a016&sxsrf=APpeQnvG36UrsAaiI1p6fMLqUoNHNRiZUw%3A1790807504496&ei=0I29asTlHebHwPAP_5uGmAE&biw=1222&bih=559&uact=5&oq=co-godel+many-valued+paraconsistent+logic&gs_lp=Egxnd3Mtd2l6LXNlcnAiKWNvLWdvZGVsIG1hbnktdmFsdWVkIHBhcmFjb25zaXN0ZW50IGxvZ2ljMggQABiABBiiBDIFEAAY7wUyCBAAGIAEGKIEMgUQABjvBTIFEAAY7wVIgCVQAFjVFnAAeACQAQCYAcABoAHVCaoBAzAuObgBA8gBAPgBAZgCCKACignCAgcQIxiwAhgnmAMAkgcFMC43LjGgB8UcsgcFMC43LjG4B4oJwgcDMi04yAcpgAgB&sclient=gws-wiz-serp	hnncfhodpmpjchmmcnimoimkcojdmfhl		1790973787219.09	2026-10-02 22:43:07	5	link	Site Blocked (Block Set 1)
chrome-extension://hnncfhodpmpjchmmcnimoimkcojdmfhl/delayed.html?1&https://www.google.com/search?q=tropical-semiring+logic+definition+of+connectives&newwindow=1&sca_esv=f3de7034d550a016&biw=1222&bih=559&sxsrf=APpeQnthFJ_T866K-lw21aR86tcKBk4_wQ%3A1790808506914&ei=upG9aq6uN8a73AP1pOrgCQ&uact=5&oq=tropical-semiring+logic+definition+of+connectives&gs_lp=Egxnd3Mtd2l6LXNlcnAiMXRyb3BpY2FsLXNlbWlyaW5nIGxvZ2ljIGRlZmluaXRpb24gb2YgY29ubmVjdGl2ZXMyCBAAGIAEGKIEMgUQABjvBTIIEAAYgAQYogQyBRAAGO8FSKd4UKARWPRecAF4AJABAJgB5QagAbouqgEOMC4xMi40LjMuMS4wLjK4AQPIAQD4AQGYAg-gArkewgIIEAAY7wUYsAPCAggQIRigARjDBMICChAhGAoYoAEYwwSYAwCIBgGQBgSSBw0xLjkuMi4xLjAuMS4xoAfQPLIHDTAuOS4yLjEuMC4xLjG4B68ewgcGMC4zLjEyyAc-gAgB&sclient=gws-wiz-serp	hnncfhodpmpjchmmcnimoimkcojdmfhl		1790973791779.462	2026-10-02 22:43:11	5	link	Site Blocked (Block Set 1)
chrome-extension://hnncfhodpmpjchmmcnimoimkcojdmfhl/delayed.html?1&https://arxiv.org/html/2303.14164v1	hnncfhodpmpjchmmcnimoimkcojdmfhl		1790973810891.731	2026-10-02 22:43:30	5	link	Site Blocked (Block Set 1)
chrome-extension://hnncfhodpmpjchmmcnimoimkcojdmfhl/delayed.html?1&https://scholar.google.cz/scholar?q=many-valued+paraconsistent+logic&hl=cs&as_sdt=0&as_vis=1&oi=scholart	hnncfhodpmpjchmmcnimoimkcojdmfhl		1790973817677.638	2026-10-02 22:43:37	5	link	Site Blocked (Block Set 1)
chrome-extension://hnncfhodpmpjchmmcnimoimkcojdmfhl/delayed.html?1&https://en.wikipedia.org/wiki/Paraconsistent_logic	hnncfhodpmpjchmmcnimoimkcojdmfhl		1790973820369.908	2026-10-02 22:43:40	5	link	Site Blocked (Block Set 1)
chrome-extension://hnncfhodpmpjchmmcnimoimkcojdmfhl/delayed.html?1&https://en.wikipedia.org/wiki/Paraconsistent_logic	hnncfhodpmpjchmmcnimoimkcojdmfhl		1790973831528.043	2026-10-02 22:43:51	5	link	Site Blocked (Block Set 1)
https://en.wikipedia.org/wiki/Paraconsistent_logic	en.wikipedia.org	wikipedia.org	1790973853740.071	2026-10-02 22:44:13	5	link	Paraconsistent logic - Wikipedia
https://en.wikipedia.org/wiki/Category:Paraconsistent_logic	en.wikipedia.org	wikipedia.org	1790973873997.844	2026-10-02 22:44:33	5	link	Category:Paraconsistent logic - Wikipedia
https://en.wikipedia.org/wiki/Category:Non-classical_logic	en.wikipedia.org	wikipedia.org	1790973876921.606	2026-10-02 22:44:36	5	link	Category:Non-classical logic - Wikipedia
https://en.wikipedia.org/wiki/Brazilian_logic	en.wikipedia.org	wikipedia.org	1790973915283.739	2026-10-02 22:45:15	5	link	Paraconsistent logic - Wikipedia
https://en.wikipedia.org/wiki/Paraconsistent_logic	en.wikipedia.org	wikipedia.org	1790973919228.023	2026-10-02 22:45:19	5	link	Paraconsistent logic - Wikipedia
https://en.wikipedia.org/wiki/Dual-intuitionistic_logic	en.wikipedia.org	wikipedia.org	1790973920703.033	2026-10-02 22:45:20	5	link	Paraconsistent logic - Wikipedia
https://en.wikipedia.org/wiki/Minimal_logic	en.wikipedia.org	wikipedia.org	1790973923660.023	2026-10-02 22:45:23	5	link	Minimal logic - Wikipedia
https://en.wikipedia.org/wiki/Paraconsistent_logic	en.wikipedia.org	wikipedia.org	1790973924142.627	2026-10-02 22:45:24	5	link	Paraconsistent logic - Wikipedia
https://en.wikipedia.org/wiki/Relevance_logic	en.wikipedia.org	wikipedia.org	1790973929072.745	2026-10-02 22:45:29	5	link	Relevance logic - Wikipedia
https://en.wikipedia.org/wiki/Substructural_logic	en.wikipedia.org	wikipedia.org	1790973940550.266	2026-10-02 22:45:40	5	link	Substructural logic - Wikipedia
https://en.wikipedia.org/wiki/Mathematical_logic	en.wikipedia.org	wikipedia.org	1790974091607.106	2026-10-02 22:48:11	5	link	Mathematical logic - Wikipedia
https://en.wikipedia.org/wiki/List_of_Hilbert_systems#Positive_propositional_calculus	en.wikipedia.org	wikipedia.org	1790974158514.546	2026-10-02 22:49:18	5	link	List of axiomatic systems in logic - Wikipedia
https://en.wikipedia.org/wiki/List_of_axiomatic_systems_in_logic#Positive_propositional_calculus	en.wikipedia.org	wikipedia.org	1790974162151.696	2026-10-02 22:49:22	5	link	List of axiomatic systems in logic - Wikipedia
https://plato.stanford.edu/archives/sum2004/entries/logic-paraconsistent/	plato.stanford.edu	stanford.edu	1790974872351.024	2026-10-02 23:01:12	5	reload	Paraconsistent Logic (Stanford Encyclopedia of Philosophy/Summer 2004 Edition)
chrome-extension://hnncfhodpmpjchmmcnimoimkcojdmfhl/delayed.html?1&https://en.wikipedia.org/wiki/Boolean_algebra	hnncfhodpmpjchmmcnimoimkcojdmfhl		1790974886300.893	2026-10-02 23:01:26	5	reload	Site Blocked (Block Set 1)
chrome-extension://hnncfhodpmpjchmmcnimoimkcojdmfhl/delayed.html?1&https://en.wikipedia.org/wiki/Fuzzy_logic#Propositional_fuzzy_logics	hnncfhodpmpjchmmcnimoimkcojdmfhl		1790974889463.467	2026-10-02 23:01:29	5	reload	Site Blocked (Block Set 1)
chrome-extension://hnncfhodpmpjchmmcnimoimkcojdmfhl/delayed.html?1&https://plato.stanford.edu/entries/lukasiewicz/	hnncfhodpmpjchmmcnimoimkcojdmfhl		1790974892866.399	2026-10-02 23:01:32	5	reload	Site Blocked (Block Set 1)
chrome-extension://hnncfhodpmpjchmmcnimoimkcojdmfhl/delayed.html?1&https://www.sciencedirect.com/science/chapter/edited-volume/abs/pii/B9780720404067500053	hnncfhodpmpjchmmcnimoimkcojdmfhl		1790974898221.38	2026-10-02 23:01:38	5	reload	Site Blocked (Block Set 1)
chrome-extension://hnncfhodpmpjchmmcnimoimkcojdmfhl/delayed.html?1&https://plato.stanford.edu/entries/logic-manyvalued/	hnncfhodpmpjchmmcnimoimkcojdmfhl		1790974901208.962	2026-10-02 23:01:41	5	reload	Site Blocked (Block Set 1)
chrome-extension://hnncfhodpmpjchmmcnimoimkcojdmfhl/delayed.html?1&https://www.encyclopedia.com/humanities/encyclopedias-almanacs-transcripts-and-maps/many-valued-logics	hnncfhodpmpjchmmcnimoimkcojdmfhl		1790974903942.57	2026-10-02 23:01:43	5	reload	Site Blocked (Block Set 1)
https://bmnsmets.com/files/smets2024semiring.pdf	bmnsmets.com	bmnsmets.com	1790974910644.921	2026-10-02 23:01:50	5	reload	smets2024semiring.pdf
chrome-extension://hnncfhodpmpjchmmcnimoimkcojdmfhl/delayed.html?1&https://en.wikipedia.org/wiki/Tropical_geometry	hnncfhodpmpjchmmcnimoimkcojdmfhl		1790974920735.416	2026-10-02 23:02:00	5	reload	Site Blocked (Block Set 1)
chrome-extension://hnncfhodpmpjchmmcnimoimkcojdmfhl/delayed.html?1&https://en.wikipedia.org/wiki/Tropical_semiring	hnncfhodpmpjchmmcnimoimkcojdmfhl		1790974923621.525	2026-10-02 23:02:03	5	reload	Site Blocked (Block Set 1)
chrome-extension://hnncfhodpmpjchmmcnimoimkcojdmfhl/delayed.html?1&https://en.wikipedia.org/wiki/Log_semiring	hnncfhodpmpjchmmcnimoimkcojdmfhl		1790974928436.467	2026-10-02 23:02:08	5	reload	Site Blocked (Block Set 1)
https://www.epatters.org/wiki/algebra/partiality-in-category-theory	www.epatters.org	epatters.org	1790974934808.227	2026-10-02 23:02:14	5	reload	Partiality in category theory - Wiki - Evan Patterson
chrome-extension://hnncfhodpmpjchmmcnimoimkcojdmfhl/delayed.html?1&https://en.wikipedia.org/wiki/Log_semiring	hnncfhodpmpjchmmcnimoimkcojdmfhl		1790974941210.239	2026-10-02 23:02:21	5	reload	Site Blocked (Block Set 1)
chrome-extension://hnncfhodpmpjchmmcnimoimkcojdmfhl/delayed.html?1&https://www.google.com/search?q=max+min+fuzzy+logic+wiki&oq=max+min+fuzzy+logic+wiki+++&gs_lcrp=EgRlZGdlKgkIABBFGDkYnwUyCQgAEEUYORifBdIBCTIxMjYzajBqM6gCALACAA&sourceid=chrome&ie=UTF-8	hnncfhodpmpjchmmcnimoimkcojdmfhl		1790974976370.124	2026-10-02 23:02:56	5	reload	Site Blocked (Block Set 1)
chrome-extension://hnncfhodpmpjchmmcnimoimkcojdmfhl/delayed.html?1&https://wikimemoires.net/2024/01/navigating-uncertainty-a-beginners-guide-to-fuzzy-logic-theory-and-systems/	hnncfhodpmpjchmmcnimoimkcojdmfhl		1790974988483.557	2026-10-02 23:03:08	5	reload	Site Blocked (Block Set 1)
chrome-extension://hnncfhodpmpjchmmcnimoimkcojdmfhl/delayed.html?1&https://www.google.com/search?q=relu+fuzzy+logic&oq=relu+fuzzy+logic&gs_lcrp=EgRlZGdlKgYIABBFGDkyBggAEEUYOTIHCAEQABjvBTIKCAIQABiABBiiBDIKCAMQABiABBiiBDIHCAQQABjvBTIHCAUQABjvBdIBCDUxNjBqMGozqAIAsAIA&sourceid=chrome&ie=UTF-8	hnncfhodpmpjchmmcnimoimkcojdmfhl		1790974993162.148	2026-10-02 23:03:13	5	reload	Site Blocked (Block Set 1)
https://gemini.google.com/app/77ae4444d8291b93	gemini.google.com	google.com	1790974998901.579	2026-10-02 23:03:18	5	reload	Google Gemini
chrome-extension://hnncfhodpmpjchmmcnimoimkcojdmfhl/delayed.html?1&https://mathstodon.xyz/@johncarlosbaez/114915892790832260	johncarlosbaez		1790975001796.382	2026-10-02 23:03:21	5	reload	Site Blocked (Block Set 1)
chrome-extension://hnncfhodpmpjchmmcnimoimkcojdmfhl/delayed.html?1&https://www.researchgate.net/publication/340973020_Interpretable_neural_networks_based_on_continuous-valued_logic_and_multicriteria_decision_operators	hnncfhodpmpjchmmcnimoimkcojdmfhl		1790975015078.116	2026-10-02 23:03:35	5	reload	Site Blocked (Block Set 1)
chrome-extension://hnncfhodpmpjchmmcnimoimkcojdmfhl/delayed.html?1&https://dl.acm.org/doi/pdf/10.1145/3711896.3736926?download=true	hnncfhodpmpjchmmcnimoimkcojdmfhl		1790975028413.932	2026-10-02 23:03:48	5	reload	Site Blocked (Block Set 1)
chrome-extension://hnncfhodpmpjchmmcnimoimkcojdmfhl/delayed.html?1&https://plato.stanford.edu/entries/logic-fuzzy/	hnncfhodpmpjchmmcnimoimkcojdmfhl		1790975030576.142	2026-10-02 23:03:50	5	reload	Site Blocked (Block Set 1)
chrome-extension://hnncfhodpmpjchmmcnimoimkcojdmfhl/delayed.html?1&https://ncatlab.org/nlab/show/Peirce%27s+logic+of+information	hnncfhodpmpjchmmcnimoimkcojdmfhl		1790975033120.981	2026-10-02 23:03:53	5	reload	Site Blocked (Block Set 1)
chrome-extension://hnncfhodpmpjchmmcnimoimkcojdmfhl/delayed.html?1&https://en.wikipedia.org/wiki/Uncertain_database	hnncfhodpmpjchmmcnimoimkcojdmfhl		1790975041743.897	2026-10-02 23:04:01	5	reload	Site Blocked (Block Set 1)
chrome-extension://hnncfhodpmpjchmmcnimoimkcojdmfhl/delayed.html?1&https://en.wikipedia.org/wiki/Probabilistic_database	hnncfhodpmpjchmmcnimoimkcojdmfhl		1790975045651.314	2026-10-02 23:04:05	5	reload	Site Blocked (Block Set 1)
https://graphicallinearalgebra.net/2017/04/24/why-string-diagrams/	graphicallinearalgebra.net	graphicallinearalgebra.net	1790975052625.36	2026-10-02 23:04:12	5	reload	Why string diagrams? | Graphical Linear Algebra
https://www.google.com/search?q=Product+Logic+%28also+known+as+Goguen+logic%29.&newwindow=1&sca_esv=f3de7034d550a016&sxsrf=APpeQnvFoEieXefexOjyK-ZEoAaQ6F_s0Q%3A1790809639830&ei=J5a9auKWMqu0wPAP18DZ0A4&biw=1222&bih=559&uact=5&oq=Product+Logic+%28also+known+as+Goguen+logic%29.&gs_lp=Egxnd3Mtd2l6LXNlcnAiK1Byb2R1Y3QgTG9naWMgKGFsc28ga25vd24gYXMgR29ndWVuIGxvZ2ljKS4yCBAAGIAEGKIEMgUQABjvBTIIEAAYgAQYogQyBRAAGO8FMggQABiABBiiBEilElAAWLUMcAB4AJABAZgBrQGgAbsLqgEEMC4xMbgBA8gBAPgBAZgCAqACgALCAgcQIxiwAhgnmAMAkgcDMC4yoAf4HbIHAzAuMrgHgALCBwUyLTEuMcgHD4AIAQ&sclient=gws-wiz-serp	www.google.com	google.com	1790975064263.448	2026-10-02 23:04:24	5	reload	Product Logic (also known as Goguen logic). - Hledat Googlem
https://www.google.com/search?q=Product+Logic+%28also+known+as+Goguen+logic%29.&newwindow=1&sca_esv=f3de7034d550a016&sxsrf=APpeQnvFoEieXefexOjyK-ZEoAaQ6F_s0Q%3A1790809639830&ei=J5a9auKWMqu0wPAP18DZ0A4&biw=1222&bih=559&uact=5&oq=Product+Logic+%28also+known+as+Goguen+logic%29.&gs_lp=Egxnd3Mtd2l6LXNlcnAiK1Byb2R1Y3QgTG9naWMgKGFsc28ga25vd24gYXMgR29ndWVuIGxvZ2ljKS4yCBAAGIAEGKIEMgUQABjvBTIIEAAYgAQYogQyBRAAGO8FMggQABiABBiiBEilElAAWLUMcAB4AJABAZgBrQGgAbsLqgEEMC4xMbgBA8gBAPgBAZgCAqACgALCAgcQIxiwAhgnmAMAkgcDMC4yoAf4HbIHAzAuMrgHgALCBwUyLTEuMcgHD4AIAQ&sclient=gws-wiz-serp	www.google.com	google.com	1790975066988.788	2026-10-02 23:04:26	5	link	Product Logic (also known as Goguen logic). - Hledat Googlem
https://arxiv.org/html/0911.3005v2	arxiv.org	arxiv.org	1790975068585.61	2026-10-02 23:04:28	5	reload	How to combine diagrammatic logics
https://arxiv.org/html/2112.06762v1	arxiv.org	arxiv.org	1790975153926.231	2026-10-02 23:05:53	5	reload	Rational Pavelka logic: the best among three worlds?
https://www.google.com/search?q=-algebra.7+Both+Goguen%E2%80%99s+papers+maintain+a+non-technical+facet+with+a+plethora+of+practical+examples+that+make+clear+the+width+of+the+author%E2%80%99s+scope%2C+ranging+from+engineering+considerations+to+semantical+analysis%3B+and+yet+both+papers+read+as+cornerstones+in+the+philosophy+of+vagueness.&oq=-algebra.7+Both+Goguen%E2%80%99s+papers+maintain+a+non-technical+facet+with+a+plethora+of+practical+examples+that+make+clear+the+width+of+the+author%E2%80%99s+scope%2C+ranging+from+engineering+considerations+to+semantical+analysis%3B+and+yet+both+papers+read+as+cornerstones+in+the+philosophy+of+vagueness.&gs_lcrp=EgRlZGdlKgYIABBFGDkyBggAEEUYOagCALACAA&sourceid=chrome&ie=UTF-8&source=chrome.ctxt	www.google.com	google.com	1790975312396.019	2026-10-02 23:08:32	5	link	-algebra.7 Both Goguen’s papers maintain a non-technical facet with a plethora of practical examples that make clear the width of the author’s scope, ranging from engineering considerations to semantical analysis; and yet both papers read as cornerstones in the philosophy of vagueness. - Hledat Googlem
https://en.wikipedia.org/wiki/Abstract_logic	en.wikipedia.org	wikipedia.org	1790975338781.297	2026-10-02 23:08:58	5	reload	Abstract logic - Wikipedia
https://en.wikipedia.org/wiki/Cartesian_monoid	en.wikipedia.org	wikipedia.org	1790975347221.826	2026-10-02 23:09:07	5	reload	Cartesian monoid - Wikipedia
https://en.wikipedia.org/wiki/Categorical_theory	en.wikipedia.org	wikipedia.org	1790975354886.725	2026-10-02 23:09:14	5	reload	Categorical theory - Wikipedia
https://en.wikipedia.org/wiki/Class_logic	en.wikipedia.org	wikipedia.org	1790975363480.919	2026-10-02 23:09:23	5	reload	Class logic - Wikipedia
https://en.wikipedia.org/wiki/G%C3%B6del_logic	en.wikipedia.org	wikipedia.org	1790975374867.388	2026-10-02 23:09:34	5	reload	Gödel logic - Wikipedia
https://en.wikipedia.org/wiki/Portal:Philosophy	en.wikipedia.org	wikipedia.org	1790975426376.623	2026-10-02 23:10:26	5	link	Portal:Philosophy - Wikipedia
https://en.wikipedia.org/wiki/List_of_axiomatic_systems_in_logic	en.wikipedia.org	wikipedia.org	1790975443132.941	2026-10-02 23:10:43	5	reload	List of axiomatic systems in logic - Wikipedia
https://en.wikipedia.org/wiki/List_of_axiomatic_systems_in_logic#Intuitionistic_and_intermediate_logics	en.wikipedia.org	wikipedia.org	1790975454652.511	2026-10-02 23:10:54	5	link	List of axiomatic systems in logic - Wikipedia
https://en.wikipedia.org/wiki/Intermediate_logics	en.wikipedia.org	wikipedia.org	1790975490531.051	2026-10-02 23:11:30	5	link	Intermediate logic - Wikipedia
https://en.wikipedia.org/wiki/Intermediate_logic	en.wikipedia.org	wikipedia.org	1790975493446.771	2026-10-02 23:11:33	5	link	Intermediate logic - Wikipedia
chrome-extension://hnncfhodpmpjchmmcnimoimkcojdmfhl/delayed.html?1&https://en.wikipedia.org/wiki/Paraconsistent_logic#Included	hnncfhodpmpjchmmcnimoimkcojdmfhl		1790975625969.945	2026-10-02 23:13:45	5	link	Site Blocked (Block Set 1)
chrome-extension://hnncfhodpmpjchmmcnimoimkcojdmfhl/delayed.html?1&https://en.wikipedia.org/wiki/Residuated_lattice	hnncfhodpmpjchmmcnimoimkcojdmfhl		1790975677752.51	2026-10-02 23:14:37	5	link	Site Blocked (Block Set 1)
chrome-extension://hnncfhodpmpjchmmcnimoimkcojdmfhl/delayed.html?1&https://en.wikipedia.org/wiki/Stratification_(mathematics)	hnncfhodpmpjchmmcnimoimkcojdmfhl		1790975680449.151	2026-10-02 23:14:40	5	link	Site Blocked (Block Set 1)
chrome-extension://hnncfhodpmpjchmmcnimoimkcojdmfhl/delayed.html?1&https://en.wikipedia.org/wiki/MV-algebra	hnncfhodpmpjchmmcnimoimkcojdmfhl		1790975683098.704	2026-10-02 23:14:43	5	link	Site Blocked (Block Set 1)
chrome-extension://hnncfhodpmpjchmmcnimoimkcojdmfhl/delayed.html?1&https://en.wikipedia.org/wiki/Monadic_Boolean_algebra	hnncfhodpmpjchmmcnimoimkcojdmfhl		1790975686154.821	2026-10-02 23:14:46	5	link	Site Blocked (Block Set 1)
chrome-extension://hnncfhodpmpjchmmcnimoimkcojdmfhl/delayed.html?1&https://en.wikipedia.org/wiki/Monadic_predicate_calculus	hnncfhodpmpjchmmcnimoimkcojdmfhl		1790975689937.856	2026-10-02 23:14:49	5	link	Site Blocked (Block Set 1)
chrome-extension://hnncfhodpmpjchmmcnimoimkcojdmfhl/delayed.html?1&https://en.wikipedia.org/wiki/Leibniz_operator	hnncfhodpmpjchmmcnimoimkcojdmfhl		1790975692776.091	2026-10-02 23:14:52	5	link	Site Blocked (Block Set 1)
chrome-extension://hnncfhodpmpjchmmcnimoimkcojdmfhl/delayed.html?1&https://en.wikipedia.org/wiki/Formal_system#Deductive_system	hnncfhodpmpjchmmcnimoimkcojdmfhl		1790975695481.765	2026-10-02 23:14:55	5	link	Site Blocked (Block Set 1)
chrome-extension://hnncfhodpmpjchmmcnimoimkcojdmfhl/delayed.html?1&https://plato.stanford.edu/entries/logic-intuitionistic/	hnncfhodpmpjchmmcnimoimkcojdmfhl		1790975703044.597	2026-10-02 23:15:03	5	link	Site Blocked (Block Set 1)
chrome-extension://hnncfhodpmpjchmmcnimoimkcojdmfhl/delayed.html?1&https://plato.stanford.edu/entries/logic-linear/	hnncfhodpmpjchmmcnimoimkcojdmfhl		1790975706875.007	2026-10-02 23:15:06	5	link	Site Blocked (Block Set 1)
chrome-extension://hnncfhodpmpjchmmcnimoimkcojdmfhl/delayed.html?1&https://plato.stanford.edu/entries/logic-relevance/	hnncfhodpmpjchmmcnimoimkcojdmfhl		1790975709036.834	2026-10-02 23:15:09	5	link	Site Blocked (Block Set 1)
https://en.wikipedia.org/wiki/Mathematical_logic#Algebraic_logic	en.wikipedia.org	wikipedia.org	1790975810065.083	2026-10-02 23:16:50	5	link	Mathematical logic - Wikipedia
https://en.wikipedia.org/wiki/Category:Many-valued_logic	en.wikipedia.org	wikipedia.org	1790975850313.504	2026-10-02 23:17:30	5	link	Category:Many-valued logic - Wikipedia
https://en.wikipedia.org/wiki/Category:Program_logic	en.wikipedia.org	wikipedia.org	1790975854747.403	2026-10-02 23:17:34	5	link	Category:Program logic - Wikipedia
https://en.wikipedia.org/wiki/Category:Substructural_logic	en.wikipedia.org	wikipedia.org	1790975857694.628	2026-10-02 23:17:37	5	link	Category:Substructural logic - Wikipedia
https://en.wikipedia.org/wiki/Deviant_logic	en.wikipedia.org	wikipedia.org	1790975875370.027	2026-10-02 23:17:55	5	link	Deviant logic - Wikipedia
https://en.wikipedia.org/wiki/Fuzzy_logic	en.wikipedia.org	wikipedia.org	1790975910281.902	2026-10-02 23:18:30	5	link	Fuzzy logic - Wikipedia
https://en.wikipedia.org/wiki/Noise-based_logic	en.wikipedia.org	wikipedia.org	1790975947367.676	2026-10-02 23:19:07	5	link	Noise-based logic - Wikipedia
https://en.wikipedia.org/wiki/Noncommutative_logic	en.wikipedia.org	wikipedia.org	1790976068262.418	2026-10-02 23:21:08	5	link	Noncommutative logic - Wikipedia
https://en.wikipedia.org/wiki/Nonmonotonic_logic	en.wikipedia.org	wikipedia.org	1790976105595.484	2026-10-02 23:21:45	5	link	Non-monotonic logic - Wikipedia
https://en.wikipedia.org/wiki/Non-monotonic_logic	en.wikipedia.org	wikipedia.org	1790976108295.096	2026-10-02 23:21:48	5	link	Non-monotonic logic - Wikipedia
chrome-extension://hnncfhodpmpjchmmcnimoimkcojdmfhl/delayed.html?1&https://plato.stanford.edu/archives/sum2004/entries/logic-paraconsistent/	hnncfhodpmpjchmmcnimoimkcojdmfhl		1790976130022.688	2026-10-02 23:22:10	5	link	Site Blocked (Block Set 1)
chrome-extension://hnncfhodpmpjchmmcnimoimkcojdmfhl/delayed.html?1&https://www.google.com/search?q=Examples+of+institutions+Common+logic+Common+Algebraic+Specification+Language+(CASL)+First-order+logic+Higher-order+logic+Intuitionistic+logic+Modal+logic+Propositional+logic+Temporal+logic+Web+Ontology+Language+(OWL)&oq=Examples+of+institutions+Common+logic+Common+Algebraic+Specification+Language+(CASL)+First-order+logic+Higher-order+logic+Intuitionistic+logic+Modal+logic+Propositional+logic+Temporal+logic+Web+Ontology+Language+(OWL)&gs_lcrp=EgRlZGdlKgYIABBFGDkyBggAEEUYOagCALACAA&sourceid=chrome&ie=UTF-8&source=chrome.ctxt	hnncfhodpmpjchmmcnimoimkcojdmfhl		1790976202506.661	2026-10-02 23:23:22	5	link	Site Blocked (Block Set 1)
https://www.google.com/search?q=Examples+of+institutions+Common+logic+Common+Algebraic+Specification+Language+(CASL)+First-order+logic+Higher-order+logic+Intuitionistic+logic+Modal+logic+Propositional+logic+Temporal+logic+Web+Ontology+Language+(OWL)&oq=Examples+of+institutions+Common+logic+Common+Algebraic+Specification+Language+(CASL)+First-order+logic+Higher-order+logic+Intuitionistic+logic+Modal+logic+Propositional+logic+Temporal+logic+Web+Ontology+Language+(OWL)&gs_lcrp=EgRlZGdlKgYIABBFGDkyBggAEEUYOagCALACAA&sourceid=chrome&ie=UTF-8&source=chrome.ctxt	www.google.com	google.com	1790976222917.647	2026-10-02 23:23:42	5	link	Examples of institutions Common logic Common Algebraic Specification Language (CASL) First-order logic Higher-order logic Intuitionistic logic Modal logic Propositional logic Temporal logic Web Ontology Language (OWL) - Hledat Googlem
https://www.google.com/search?q=Examples+of+goguen-institutions+Common+logic+Common+Algebraic+Specification+Language+%28CASL%29+First-order+logic+Higher-order+logic+Intuitionistic+logic+Modal+logic+Propositional+logic+Temporal+logic+Web+Ontology+Language+%28OWL%29&newwindow=1&sca_esv=46fafbc9abcb6d45&sxsrf=APpeQnvVl7CT32H-3m_9w4Knri9onrgP8A%3A1790976223868&ei=3yDAat_FNMOj3QO4xOqIAg&biw=1222&bih=559&uact=5&oq=Examples+of+goguen-institutions+Common+logic+Common+Algebraic+Specification+Language+%28CASL%29+First-order+logic+Higher-order+logic+Intuitionistic+logic+Modal+logic+Propositional+logic+Temporal+logic+Web+Ontology+Language+%28OWL%29&gs_lp=Egxnd3Mtd2l6LXNlcnAi4AFFeGFtcGxlcyBvZiBnb2d1ZW4taW5zdGl0dXRpb25zIENvbW1vbiBsb2dpYyBDb21tb24gQWxnZWJyYWljIFNwZWNpZmljYXRpb24gTGFuZ3VhZ2UgKENBU0wpIEZpcnN0LW9yZGVyIGxvZ2ljIEhpZ2hlci1vcmRlciBsb2dpYyBJbnR1aXRpb25pc3RpYyBsb2dpYyBNb2RhbCBsb2dpYyBQcm9wb3NpdGlvbmFsIGxvZ2ljIFRlbXBvcmFsIGxvZ2ljIFdlYiBPbnRvbG9neSBMYW5ndWFnZSAoT1dMKUgAUABYAHAAeACQAQCYAQCgAQCqAQC4AQPIAQD4AQGYAgCgAgCYAwCSBwCgBwCyBwC4BwDCBwDIBwCACAE&sclient=gws-wiz-serp	www.google.com	google.com	1790976231788.745	2026-10-02 23:23:51	5	form_submit	Examples of goguen-institutions Common logic Common Algebraic Specification Language (CASL) First-order logic Higher-order logic Intuitionistic logic Modal logic Propositional logic Temporal logic Web Ontology Language (OWL) - Hledat Googlem
https://www.google.com/search?newwindow=1&sca_esv=46fafbc9abcb6d45&sxsrf=APpeQnuWn0VtDgiSoKjSh3l9kBXISYmlcQ:1790976232754&udm=imgs&fbs=ABfTbFV0iOAe5bfNeqyKguXm6dMy_0ApBOceFCSJ56j3b6FgHhiePJsdpZG-T28G_MN3pIv4eV5Q0U-L83cc0ypXHoajYYnLKAgbBGAQzxWTQs9Ng2M8gTe0wKvpr-JzNGu6jY98G6L7ckPvEzLiIdTTV56WpvUT2N79HF2IPrLtGpf2-0iblsgOPlC38V0cDYXgZi6tbwkX&q=Examples+of+goguen-institutions+Common+logic+Common+Algebraic+Specification+Language+(CASL)+First-order+logic+Higher-order+logic+Intuitionistic+logic+Modal+logic+Propositional+logic+Temporal+logic+Web+Ontology+Language+(OWL)&sa=X&ved=2ahUKEwi6w52xopyXAxX6KRAIHfRsFx4QtKgLegQIGRAB&biw=1222&bih=559&dpr=1.56	www.google.com	google.com	1790976234958.099	2026-10-02 23:23:54	5	link	Examples of goguen-institutions Common logic Common Algebraic Specification Language (CASL) First-order logic Higher-order logic Intuitionistic logic Modal logic Propositional logic Temporal logic Web Ontology Language (OWL) - Hledat Googlem
https://www.google.com/imgres?q=Examples%20of%20goguen-institutions%20Common%20logic%20Common%20Algebraic%20Specification%20Language%20(CASL)%20First-order%20logic%20Higher-order%20logic%20Intuitionistic%20logic%20Modal%20logic%20Propositional%20logic%20Temporal%20logic%20Web%20Ontology%20Language%20(OWL)&imgurl=https%3A%2F%2Fi.ytimg.com%2Fvi%2F6umMPvvdd_8%2Fmaxresdefault.jpg&imgrefurl=https%3A%2F%2Fwww.youtube.com%2Fwatch%3Fv%3D6umMPvvdd_8&docid=Fr6crLQfbYtShM&tbnid=AcfBNe95LtAAWM&vet=12ahUKEwjuw9-yopyXAxWEGBAIHYaEFBkQnPAOegQIexAA..i&w=1280&h=720&hcb=2&ved=2ahUKEwjuw9-yopyXAxWEGBAIHYaEFBkQnPAOegQIexAA	www.google.com	google.com	1790976782186.434	2026-10-02 23:33:02	5	link	Google Image Result
https://www.google.com/imgres?q=Examples%20of%20goguen-institutions%20Common%20logic%20Common%20Algebraic%20Specification%20Language%20(CASL)%20First-order%20logic%20Higher-order%20logic%20Intuitionistic%20logic%20Modal%20logic%20Propositional%20logic%20Temporal%20logic%20Web%20Ontology%20Language%20(OWL)&imgurl=https%3A%2F%2Fontology-explained.com%2Fimg%2Fblog-images%2Fowl%2FOWL-Figure1.svg&imgrefurl=https%3A%2F%2Fontology-explained.com%2F2021%2Fowl%2F&docid=9fmMMIJlSn-w0M&tbnid=Y04lICQ491OUBM&vet=12ahUKEwjuw9-yopyXAxWEGBAIHYaEFBkQnPAOegQIOBAA..i&w=890&h=500&hcb=2&ved=2ahUKEwjuw9-yopyXAxWEGBAIHYaEFBkQnPAOegQIOBAA	www.google.com	google.com	1790976785781.065	2026-10-02 23:33:05	5	link	Google Image Result
https://www.google.com/imgres?q=Examples%20of%20goguen-institutions%20Common%20logic%20Common%20Algebraic%20Specification%20Language%20(CASL)%20First-order%20logic%20Higher-order%20logic%20Intuitionistic%20logic%20Modal%20logic%20Propositional%20logic%20Temporal%20logic%20Web%20Ontology%20Language%20(OWL)&imgurl=https%3A%2F%2Fwww.researchgate.net%2Fprofile%2FPaul-Witherell-2%2Fpublication%2F220306819%2Ffigure%2Ffig1%2FAS%3A277028147351557%401443060065765%2FAn-illustration-of-logic-types-based-on-Grosof-et-al-2003-A-color-version-of-this_Q320.jpg&imgrefurl=https%3A%2F%2Fwww.researchgate.net%2Ffigure%2FAn-illustration-of-logic-types-based-on-Grosof-et-al-2003-A-color-version-of-this_fig1_220306819&docid=o2c923xKX_G8BM&tbnid=tNfdw2x_VaFRyM&vet=12ahUKEwjuw9-yopyXAxWEGBAIHYaEFBkQnPAOegQIeRAA..i&w=320&h=320&hcb=2&ved=2ahUKEwjuw9-yopyXAxWEGBAIHYaEFBkQnPAOegQIeRAA	www.google.com	google.com	1790976791824.492	2026-10-02 23:33:11	5	link	Google Image Result
https://www.google.com/imgres?q=Examples%20of%20goguen-institutions%20Common%20logic%20Common%20Algebraic%20Specification%20Language%20(CASL)%20First-order%20logic%20Higher-order%20logic%20Intuitionistic%20logic%20Modal%20logic%20Propositional%20logic%20Temporal%20logic%20Web%20Ontology%20Language%20(OWL)&imgurl=http%3A%2F%2Fjdh.hamkins.org%2Fwp-content%2Fuploads%2F2016%2F06%2FExpressivity-hierarchy.jpg&imgrefurl=https%3A%2F%2Fjdh.hamkins.org%2Fthe-hierarchy-of-logical-expressivity%2F&docid=OK8TExD8SSdzZM&tbnid=AfWcYjf7nT82UM&vet=12ahUKEwjuw9-yopyXAxWEGBAIHYaEFBkQnPAOegQITxAA..i&w=1614&h=2341&hcb=2&ved=2ahUKEwjuw9-yopyXAxWEGBAIHYaEFBkQnPAOegQITxAA	www.google.com	google.com	1790976805014.33	2026-10-02 23:33:25	5	link	Google Image Result
https://ontology-explained.com/2021/owl/	ontology-explained.com	ontology-explained.com	1790976976554.525	2026-10-02 23:36:16	5	link	| OWL (for Engineers)
https://ontology-explained.com/	ontology-explained.com	ontology-explained.com	1790976983122.939	2026-10-02 23:36:23	5	link	
https://jdh.hamkins.org/the-hierarchy-of-logical-expressivity/	jdh.hamkins.org	hamkins.org	1790976998276.03	2026-10-02 23:36:38	5	link	The hierarchy of logical expressivity | Joel David Hamkins
https://en.wikipedia.org/wiki/Construction_of_t-norms#Schweizer%E2%80%93Sklar_t-norms	en.wikipedia.org	wikipedia.org	1790977066905.526	2026-10-02 23:37:46	5	typed	Construction of t-norms - Wikipedia
https://en.wikipedia.org/wiki/Construction_of_t-norms#Schweizer%E2%80%93Sklar_t-norms	en.wikipedia.org	wikipedia.org	1790977073969.37	2026-10-02 23:37:53	5	reload	Construction of t-norms - Wikipedia
http://www.scholarpedia.org/article/Triangular_norms_and_conorms#See_also	www.scholarpedia.org	scholarpedia.org	1790977088725.559	2026-10-02 23:38:08	5	typed	Triangular norms and conorms - Scholarpedia
https://en.wikipedia.org/wiki/T-norm	en.wikipedia.org	wikipedia.org	1790977145238.977	2026-10-02 23:39:05	5	link	T-norm - Wikipedia
https://en.wikipedia.org/wiki/Product_fuzzy_logic	en.wikipedia.org	wikipedia.org	1790977245440.349	2026-10-02 23:40:45	5	link	Fuzzy logic - Wikipedia
https://en.wikipedia.org/wiki/Fuzzy_logic#Propositional_fuzzy_logics	en.wikipedia.org	wikipedia.org	1790977248231.108	2026-10-02 23:40:48	5	link	Fuzzy logic - Wikipedia
https://en.wikipedia.org/wiki/T-norm#Examples_of_t-conorms	en.wikipedia.org	wikipedia.org	1790977391194.31	2026-10-02 23:43:11	5	link	T-norm - Wikipedia
chrome-extension://hnncfhodpmpjchmmcnimoimkcojdmfhl/delayed.html?1&https://en.wikipedia.org/wiki/T-norm#Examples_of_t-conorms	hnncfhodpmpjchmmcnimoimkcojdmfhl		1790977391473.418	2026-10-02 23:43:11	5	link	Site Blocked (Block Set 1)
https://en.wikipedia.org/wiki/T-norm#Examples_of_t-conorms	en.wikipedia.org	wikipedia.org	1790977412562.317	2026-10-02 23:43:32	5	link	T-norm - Wikipedia
https://en.wikipedia.org/wiki/G%C3%B6del_fuzzy_logic	en.wikipedia.org	wikipedia.org	1790977436135.131	2026-10-02 23:43:56	5	link	Fuzzy logic - Wikipedia
https://en.wikipedia.org/wiki/Fuzzy_logic#Propositional_fuzzy_logics	en.wikipedia.org	wikipedia.org	1790977438847.226	2026-10-02 23:43:58	5	link	Fuzzy logic - Wikipedia
https://en.wikipedia.org/wiki/T-norm_fuzzy_logics	en.wikipedia.org	wikipedia.org	1790977481822.925	2026-10-02 23:44:41	5	link	T-norm fuzzy logics - Wikipedia
chrome-extension://hnncfhodpmpjchmmcnimoimkcojdmfhl/delayed.html?1&https://en.wikipedia.org/wiki/MTL_(logic)	hnncfhodpmpjchmmcnimoimkcojdmfhl		1790977501480.683	2026-10-02 23:45:01	5	link	Site Blocked (Block Set 1)
chrome-extension://hnncfhodpmpjchmmcnimoimkcojdmfhl/delayed.html?1&https://en.wikipedia.org/wiki/BL_(logic)	hnncfhodpmpjchmmcnimoimkcojdmfhl		1790977513985.949	2026-10-02 23:45:13	5	link	Site Blocked (Block Set 1)
chrome-extension://hnncfhodpmpjchmmcnimoimkcojdmfhl/delayed.html?1&https://en.wikipedia.org/wiki/Lukasiewicz_fuzzy_logic	hnncfhodpmpjchmmcnimoimkcojdmfhl		1790977525390.147	2026-10-02 23:45:25	5	link	Site Blocked (Block Set 1)
chrome-extension://hnncfhodpmpjchmmcnimoimkcojdmfhl/delayed.html?1&https://en.wikipedia.org/wiki/MTL_(logic)	hnncfhodpmpjchmmcnimoimkcojdmfhl		1790977594566.528	2026-10-02 23:46:34	5	link	Site Blocked (Block Set 1)
https://en.wikipedia.org/wiki/Talk:T-norm	en.wikipedia.org	wikipedia.org	1790978158152.734	2026-10-02 23:55:58	5	link	Talk:T-norm - Wikipedia
https://en.wikipedia.org/wiki/MTL_(logic)	en.wikipedia.org	wikipedia.org	1790978412768.221	2026-10-03 00:00:12	6	link	Monoidal t-norm logic - Wikipedia
https://en.wikipedia.org/wiki/Monoidal_t-norm_logic	en.wikipedia.org	wikipedia.org	1790978415454.26	2026-10-03 00:00:15	6	link	Monoidal t-norm logic - Wikipedia
https://en.wikipedia.org/wiki/Lukasiewicz_fuzzy_logic	en.wikipedia.org	wikipedia.org	1790978555960.229	2026-10-03 00:02:35	6	link	Łukasiewicz logic - Wikipedia
https://en.wikipedia.org/wiki/%C5%81ukasiewicz_logic	en.wikipedia.org	wikipedia.org	1790978558327.047	2026-10-03 00:02:38	6	link	Łukasiewicz logic - Wikipedia
https://en.wikipedia.org/wiki/%C5%81ukasiewicz_logic#Real-valued_semantics	en.wikipedia.org	wikipedia.org	1790978568696.08	2026-10-03 00:02:48	6	link	Łukasiewicz logic - Wikipedia
https://en.wikipedia.org/wiki/Infinite-valued_logic	en.wikipedia.org	wikipedia.org	1790978573192.36	2026-10-03 00:02:53	6	link	Infinite-valued logic - Wikipedia
https://en.wikipedia.org/wiki/MV-algebra	en.wikipedia.org	wikipedia.org	1790978604187.721	2026-10-03 00:03:24	6	link	MV-algebra - Wikipedia
https://en.wikipedia.org/wiki/Infinitary_logic	en.wikipedia.org	wikipedia.org	1790978689423.099	2026-10-03 00:04:49	6	link	Infinitary logic - Wikipedia
https://en.wikipedia.org/wiki/Nilpotent_minimum_logic	en.wikipedia.org	wikipedia.org	1790978789082.848	2026-10-03 00:06:29	6	link	T-norm fuzzy logics - Wikipedia
https://en.wikipedia.org/wiki/T-norm_fuzzy_logics	en.wikipedia.org	wikipedia.org	1790978790914.887	2026-10-03 00:06:30	6	link	T-norm fuzzy logics - Wikipedia
https://en.wikipedia.org/wiki/List_of_axiomatic_systems_in_logic#Intuitionistic_and_intermediate_logics	en.wikipedia.org	wikipedia.org	1790978902586.695	2026-10-03 00:08:22	6	reload	List of axiomatic systems in logic - Wikipedia
https://en.wikipedia.org/wiki/Intermediate_logic	en.wikipedia.org	wikipedia.org	1790978952005.407	2026-10-03 00:09:12	6	reload	Intermediate logic - Wikipedia
https://en.wikipedia.org/wiki/Stratification_(mathematics)	en.wikipedia.org	wikipedia.org	1790978966516.182	2026-10-03 00:09:26	6	link	Stratification (mathematics) - Wikipedia
chrome-extension://hnncfhodpmpjchmmcnimoimkcojdmfhl/delayed.html?1&https://plato.stanford.edu/entries/logic-manyvalued/	hnncfhodpmpjchmmcnimoimkcojdmfhl		1790979004194.408	2026-10-03 00:10:04	6	link	Site Blocked (Block Set 1)
chrome-extension://hnncfhodpmpjchmmcnimoimkcojdmfhl/delayed.html?1&https://en.wikipedia.org/wiki/Minimal_logic	hnncfhodpmpjchmmcnimoimkcojdmfhl		1790979007064.187	2026-10-03 00:10:07	6	link	Site Blocked (Block Set 1)
chrome-extension://hnncfhodpmpjchmmcnimoimkcojdmfhl/delayed.html?1&https://www.google.com/search?q=a+category+%F0%9D%91%86+%F0%9D%91%96+%F0%9D%91%94+%F0%9D%91%9B+of+signatures%2C&oq=a+category++%F0%9D%91%86+%F0%9D%91%96+%F0%9D%91%94+%F0%9D%91%9B++of+signatures%2C&gs_lcrp=EgRlZGdlKgYIABBFGDkyBggAEEUYOTIGCAEQRRhAMgYIAhBFGECoAgCwAgA&sourceid=chrome&ie=UTF-8&source=chrome.ctxt	hnncfhodpmpjchmmcnimoimkcojdmfhl		1790979014989.662	2026-10-03 00:10:14	6	link	Site Blocked (Block Set 1)
https://www.google.com/search?q=a+category+%F0%9D%91%86+%F0%9D%91%96+%F0%9D%91%94+%F0%9D%91%9B+of+signatures%2C&oq=a+category++%F0%9D%91%86+%F0%9D%91%96+%F0%9D%91%94+%F0%9D%91%9B++of+signatures%2C&gs_lcrp=EgRlZGdlKgYIABBFGDkyBggAEEUYOTIGCAEQRRhAMgYIAhBFGECoAgCwAgA&sourceid=chrome&ie=UTF-8&source=chrome.ctxt	www.google.com	google.com	1790979037247.469	2026-10-03 00:10:37	6	link	a category 𝑆 𝑖 𝑔 𝑛 of signatures, - Hledat Googlem
chrome-extension://hnncfhodpmpjchmmcnimoimkcojdmfhl/delayed.html?1&http://www-cse.ucsd.edu/users/goguen/projs/inst.html	hnncfhodpmpjchmmcnimoimkcojdmfhl		1790979083273.135	2026-10-03 00:11:23	6	reload	Site Blocked (Block Set 1)
https://cseweb.ucsd.edu/~goguen/projs/inst.html	cseweb.ucsd.edu	ucsd.edu	1790979106307.973	2026-10-03 00:11:46	6	link	Institutions
chrome-extension://hnncfhodpmpjchmmcnimoimkcojdmfhl/delayed.html?1&https://cseweb.ucsd.edu/~goguen/projs/inst.html	hnncfhodpmpjchmmcnimoimkcojdmfhl		1790979107470.46	2026-10-03 00:11:47	6	link	Site Blocked (Block Set 1)
https://cseweb.ucsd.edu/~goguen/projs/inst.html	cseweb.ucsd.edu	ucsd.edu	1790979128472.168	2026-10-03 00:12:08	6	link	Institutions
chrome-extension://hnncfhodpmpjchmmcnimoimkcojdmfhl/delayed.html?1&https://www.google.com/search?q=site%3Ahttps%3A%2F%2Fcseweb.ucsd.edu%2F~goguen%2F&oq=site%3Ahttps%3A%2F%2Fcseweb.ucsd.edu%2F~goguen%2F&gs_lcrp=EgRlZGdlKgYIABBFGDkyBggAEEUYOTIGCAEQRRg60gEINDM1NGowajSoAgGwAgE&sourceid=chrome&source=chrome.ob&ie=UTF-8	hnncfhodpmpjchmmcnimoimkcojdmfhl		1790979182161.626	2026-10-03 00:13:02	6	link	Site Blocked (Block Set 1)
https://www.google.com/search?q=site%3Ahttps%3A%2F%2Fcseweb.ucsd.edu%2F~goguen%2F&oq=site%3Ahttps%3A%2F%2Fcseweb.ucsd.edu%2F~goguen%2F&gs_lcrp=EgRlZGdlKgYIABBFGDkyBggAEEUYOTIGCAEQRRg60gEINDM1NGowajSoAgGwAgE&sourceid=chrome&source=chrome.ob&ie=UTF-8	www.google.com	google.com	1790979202612.001	2026-10-03 00:13:22	6	link	site:https://cseweb.ucsd.edu/~goguen/ - Hledat Googlem
https://www.google.com/search?newwindow=1&sca_esv=46fafbc9abcb6d45&sxsrf=APpeQntUV3wizVguOBsSvBBhV508yILHQg:1790979203609&udm=imgs&fbs=ABfTbFV0iOAe5bfNeqyKguXm6dMy_0ApBOceFCSJ56j3b6FgHhiePJsdpZG-T28G_MN3pIv4eV5Q0U-L83cc0ypXHoajYYnLKAgbBGAQzxWTQs9Ng2M8gTe0wKvpr-JzNGu6jY98G6L7ckPvEzLiIdTTV56WpvUT2N79HF2IPrLtGpf2-0iblsgOPlC38V0cDYXgZi6tbwkX&q=site:https://cseweb.ucsd.edu/~goguen/&sa=X&ved=2ahUKEwi7r-y5rZyXAxW0GxAIHdXeAqwQtKgLegQIGRAB&biw=1222&bih=559&dpr=1.56	www.google.com	google.com	1790979210924.667	2026-10-03 00:13:30	6	link	site:https://cseweb.ucsd.edu/~goguen/ - Hledat Googlem
chrome-extension://hnncfhodpmpjchmmcnimoimkcojdmfhl/delayed.html?1&https://cseweb.ucsd.edu/~goguen/pps/logic04.pdf	hnncfhodpmpjchmmcnimoimkcojdmfhl		1790979230272.982	2026-10-03 00:13:50	6	link	Site Blocked (Block Set 1)
chrome-extension://hnncfhodpmpjchmmcnimoimkcojdmfhl/delayed.html?1&https://cseweb.ucsd.edu/~goguen/pps/logic04.pdf	hnncfhodpmpjchmmcnimoimkcojdmfhl		1790979377092.678	2026-10-03 00:16:17	6	reload	Site Blocked (Block Set 1)
https://cseweb.ucsd.edu/~goguen/pps/logic04.pdf	cseweb.ucsd.edu	ucsd.edu	1790979398111.97	2026-10-03 00:16:38	6	link	/home/goguen/what.is.a.logic/logic04.dvi
chrome-extension://hnncfhodpmpjchmmcnimoimkcojdmfhl/delayed.html?1&https://produkty.chmi.cz/aladin/	hnncfhodpmpjchmmcnimoimkcojdmfhl		1790979473910.945	2026-10-03 00:17:53	6	link	Site Blocked (Block Set 1)
chrome-extension://hnncfhodpmpjchmmcnimoimkcojdmfhl/delayed.html?1&https://en.wikipedia.org/wiki/Paraconsistent_logic	hnncfhodpmpjchmmcnimoimkcojdmfhl		1790980039520.931	2026-10-03 00:27:19	6	link	Site Blocked (Block Set 1)
chrome-extension://hnncfhodpmpjchmmcnimoimkcojdmfhl/delayed.html?1&https://en.wikipedia.org/wiki/Relevance_logic	hnncfhodpmpjchmmcnimoimkcojdmfhl		1790980043105.163	2026-10-03 00:27:23	6	link	Site Blocked
https://en.wikipedia.org/wiki/Relevance_logic	en.wikipedia.org	wikipedia.org	1790980064429.502	2026-10-03 00:27:44	6	link	Relevance logic - Wikipedia
https://en.wikipedia.org/wiki/Implicational_propositional_calculus	en.wikipedia.org	wikipedia.org	1790980372634.242	2026-10-03 00:32:52	6	link	Implicational propositional calculus - Wikipedia
https://en.wikipedia.org/wiki/Paraconsistent_logic#Included	en.wikipedia.org	wikipedia.org	1790980570831.946	2026-10-03 00:36:10	6	link	Paraconsistent logic - Wikipedia
https://en.wikipedia.org/wiki/Metalanguage	en.wikipedia.org	wikipedia.org	1790980676692.48	2026-10-03 00:37:56	6	link	Metalanguage - Wikipedia
chrome-extension://hnncfhodpmpjchmmcnimoimkcojdmfhl/delayed.html?1&https://en.wikipedia.org/wiki/Dialetheic_logic	hnncfhodpmpjchmmcnimoimkcojdmfhl		1790980789545.92	2026-10-03 00:39:49	6	link	Site Blocked (Block Set 1)
chrome-extension://hnncfhodpmpjchmmcnimoimkcojdmfhl/delayed.html?1&https://en.wikipedia.org/wiki/Paraconsistent_logic#CITEREFde_Carvalho_JuniorJustoAngelicode_Oliveira2021	hnncfhodpmpjchmmcnimoimkcojdmfhl		1790980932756.738	2026-10-03 00:42:12	6	link	Site Blocked (Block Set 1)
chrome-extension://hnncfhodpmpjchmmcnimoimkcojdmfhl/delayed.html?1&https://en.wikipedia.org/wiki/Bayesian_inference	hnncfhodpmpjchmmcnimoimkcojdmfhl		1790981066647.521	2026-10-03 00:44:26	6	link	Site Blocked (Block Set 1)
chrome-extension://hnncfhodpmpjchmmcnimoimkcojdmfhl/delayed.html?1&https://en.wikipedia.org/wiki/Four-valued_logic	hnncfhodpmpjchmmcnimoimkcojdmfhl		1790981089502.109	2026-10-03 00:44:49	6	link	Site Blocked (Block Set 1)
chrome-extension://hnncfhodpmpjchmmcnimoimkcojdmfhl/delayed.html?1&https://en.wikipedia.org/wiki/Graham_Priest	hnncfhodpmpjchmmcnimoimkcojdmfhl		1790981142493.689	2026-10-03 00:45:42	6	link	Site Blocked (Block Set 1)
chrome-extension://hnncfhodpmpjchmmcnimoimkcojdmfhl/delayed.html?1&https://en.wikipedia.org/wiki/Probability_logic	hnncfhodpmpjchmmcnimoimkcojdmfhl		1790981166059.856	2026-10-03 00:46:06	6	link	Site Blocked (Block Set 1)
chrome-extension://hnncfhodpmpjchmmcnimoimkcojdmfhl/delayed.html?1&https://en.wikipedia.org/wiki/Intuitionistic_logic	hnncfhodpmpjchmmcnimoimkcojdmfhl		1790981192657.649	2026-10-03 00:46:32	6	link	Site Blocked (Block Set 1)
chrome-extension://hnncfhodpmpjchmmcnimoimkcojdmfhl/delayed.html?1&https://en.wikipedia.org/wiki/Cardinality_of_the_continuum	hnncfhodpmpjchmmcnimoimkcojdmfhl		1790981263537.221	2026-10-03 00:47:43	6	link	Site Blocked (Block Set 1)
chrome-extension://hnncfhodpmpjchmmcnimoimkcojdmfhl/delayed.html?1&https://en.wikipedia.org/wiki/Talk:Intermediate_logic	hnncfhodpmpjchmmcnimoimkcojdmfhl		1790981425484.282	2026-10-03 00:50:25	6	link	Site Blocked (Block Set 1)
chrome-extension://hnncfhodpmpjchmmcnimoimkcojdmfhl/delayed.html?1&https://en.wikipedia.org/wiki/Talk:Intermediate_logic	hnncfhodpmpjchmmcnimoimkcojdmfhl		1790981430134.59	2026-10-03 00:50:30	6	link	Site Blocked (Block Set 1)
https://en.wikipedia.org/wiki/Talk:Intermediate_logic	en.wikipedia.org	wikipedia.org	1790981450718.262	2026-10-03 00:50:50	6	link	Talk:Intermediate logic - Wikipedia
chrome-extension://pnmchffiealhkdloeffcdnbgdnedheme/options.html	pnmchffiealhkdloeffcdnbgdnedheme		1790981898931.303	2026-10-03 00:58:18	6	auto_bookmark	History Trends Unlimited: Options
chrome-extension://pnmchffiealhkdloeffcdnbgdnedheme/history.html	pnmchffiealhkdloeffcdnbgdnedheme		1790981904932.686	2026-10-03 00:58:24	6	link	History Trends Unlimited
chrome-extension://hnncfhodpmpjchmmcnimoimkcojdmfhl/delayed.html?1&https://en.wikipedia.org/wiki/List_of_axiomatic_systems_in_logic#Intuitionistic_and_intermediate_logics	hnncfhodpmpjchmmcnimoimkcojdmfhl		1790981939606.828	2026-10-03 00:58:59	6	link	Site Blocked (Block Set 1)
chrome-extension://hnncfhodpmpjchmmcnimoimkcojdmfhl/delayed.html?1&https://en.wikipedia.org/wiki/%C5%81ukasiewicz_logic#Real-valued_semantics	hnncfhodpmpjchmmcnimoimkcojdmfhl		1790981956159.466	2026-10-03 00:59:16	6	link	Site Blocked (Block Set 1)
chrome-extension://hnncfhodpmpjchmmcnimoimkcojdmfhl/delayed.html?1&https://en.wikipedia.org/wiki/G%C3%B6del_logic	hnncfhodpmpjchmmcnimoimkcojdmfhl		1790981979050.191	2026-10-03 00:59:39	6	link	Site Blocked (Block Set 1)
chrome-extension://hnncfhodpmpjchmmcnimoimkcojdmfhl/delayed.html?1&https://en.wikipedia.org/wiki/Minimal_logic	hnncfhodpmpjchmmcnimoimkcojdmfhl		1790981990488.099	2026-10-03 00:59:50	6	link	Site Blocked (Block Set 1)
https://en.wikipedia.org/wiki/Strength_(mathematical_logic)	en.wikipedia.org	wikipedia.org	1790982022789.023	2026-10-03 01:00:22	6	link	Strength (mathematical logic) - Wikipedia
https://en.wikipedia.org/wiki/Fuzzy_logic	en.wikipedia.org	wikipedia.org	1790982046759.936	2026-10-03 01:00:46	6	reload	Fuzzy logic - Wikipedia
https://en.wikipedia.org/wiki/%C5%81ukasiewicz_logic#Real-valued_semantics	en.wikipedia.org	wikipedia.org	1790982080280.672	2026-10-03 01:01:20	6	link	Łukasiewicz logic - Wikipedia
https://en.wikipedia.org/wiki/G%C3%B6del_logic	en.wikipedia.org	wikipedia.org	1790982105447.476	2026-10-03 01:01:45	6	link	Gödel logic - Wikipedia
https://en.wikipedia.org/wiki/Minimal_logic	en.wikipedia.org	wikipedia.org	1790982115624.025	2026-10-03 01:01:55	6	link	Minimal logic - Wikipedia
https://en.wikipedia.org/wiki/Elementary_class	en.wikipedia.org	wikipedia.org	1790982138584.121	2026-10-03 01:02:18	6	link	Elementary class - Wikipedia
https://en.wikipedia.org/wiki/Talk:Strength_(mathematical_logic)	en.wikipedia.org	wikipedia.org	1790982152320.1	2026-10-03 01:02:32	6	link	Talk:Strength (mathematical logic) - Wikipedia
https://en.wikipedia.org/wiki/Talk:Elementary_class	en.wikipedia.org	wikipedia.org	1790982227583.322	2026-10-03 01:03:47	6	link	Talk:Elementary class - Wikipedia
https://en.wikipedia.org/wiki/%C5%81ukasiewicz_logic#Real-valued_semantics	en.wikipedia.org	wikipedia.org	1790982291829.204	2026-10-03 01:04:51	6	reload	Łukasiewicz logic - Wikipedia
https://en.wikipedia.org/wiki/Substructural_logics	en.wikipedia.org	wikipedia.org	1790982312005.555	2026-10-03 01:05:12	6	link	Substructural logic - Wikipedia
https://en.wikipedia.org/wiki/Substructural_logic	en.wikipedia.org	wikipedia.org	1790982314350.97	2026-10-03 01:05:14	6	link	Substructural logic - Wikipedia
https://en.wikipedia.org/wiki/Classical_logic	en.wikipedia.org	wikipedia.org	1790982346625.354	2026-10-03 01:05:46	6	link	Classical logic - Wikipedia
https://en.wikipedia.org/wiki/Intuitionistic_logic	en.wikipedia.org	wikipedia.org	1790982374731.518	2026-10-03 01:06:14	6	link	Intuitionistic logic - Wikipedia
https://en.wikipedia.org/wiki/Linear_logic	en.wikipedia.org	wikipedia.org	1790982385133.327	2026-10-03 01:06:25	6	link	Linear logic - Wikipedia
https://en.wikipedia.org/wiki/Dialetheism	en.wikipedia.org	wikipedia.org	1790982391042.059	2026-10-03 01:06:31	6	link	Dialetheism - Wikipedia
https://en.wikipedia.org/wiki/Three-state_logic	en.wikipedia.org	wikipedia.org	1790982406788.048	2026-10-03 01:06:46	6	link	Three-state logic - Wikipedia
https://en.wikipedia.org/wiki/Four-valued_logic	en.wikipedia.org	wikipedia.org	1790982414610.904	2026-10-03 01:06:54	6	link	Four-valued logic - Wikipedia
https://en.wikipedia.org/wiki/Propositional_calculus	en.wikipedia.org	wikipedia.org	1790982431181.91	2026-10-03 01:07:11	6	link	Propositional logic - Wikipedia
https://en.wikipedia.org/wiki/Propositional_logic	en.wikipedia.org	wikipedia.org	1790982435766.465	2026-10-03 01:07:15	6	link	Propositional logic - Wikipedia
https://en.wikipedia.org/wiki/Propositional_analysis	en.wikipedia.org	wikipedia.org	1790982436767.421	2026-10-03 01:07:16	6	link	Theory of descriptions - Wikipedia
https://en.wikipedia.org/wiki/Theory_of_descriptions	en.wikipedia.org	wikipedia.org	1790982438731.764	2026-10-03 01:07:18	6	link	Theory of descriptions - Wikipedia
https://en.wikipedia.org/wiki/Propositional_logic#Propositional_variables	en.wikipedia.org	wikipedia.org	1790982463747.06	2026-10-03 01:07:43	6	link	Propositional logic - Wikipedia
https://en.wikipedia.org/wiki/Propositional_logic#Gentzen_notation	en.wikipedia.org	wikipedia.org	1790982465581.051	2026-10-03 01:07:45	6	link	Propositional logic - Wikipedia
https://en.wikipedia.org/wiki/Propositional_logic#See_also	en.wikipedia.org	wikipedia.org	1790982485183.797	2026-10-03 01:08:05	6	link	Propositional logic - Wikipedia
https://en.wikipedia.org/wiki/Talk:Propositional_logic	en.wikipedia.org	wikipedia.org	1790982572219.69	2026-10-03 01:09:32	6	link	Talk:Propositional logic - Wikipedia
https://en.wikipedia.org/wiki/BHK_interpretation	en.wikipedia.org	wikipedia.org	1790982732195.423	2026-10-03 01:12:12	6	link	Brouwer–Heyting–Kolmogorov interpretation - Wikipedia
https://en.wikipedia.org/wiki/Brouwer%E2%80%93Heyting%E2%80%93Kolmogorov_interpretation	en.wikipedia.org	wikipedia.org	1790982735472.721	2026-10-03 01:12:15	6	link	Brouwer–Heyting–Kolmogorov interpretation - Wikipedia
chrome-extension://hnncfhodpmpjchmmcnimoimkcojdmfhl/delayed.html?1&https://en.wikipedia.org/wiki/Modal_companion	hnncfhodpmpjchmmcnimoimkcojdmfhl		1790983019451.038	2026-10-03 01:16:59	6	link	Site Blocked (Block Set 1)
chrome-extension://hnncfhodpmpjchmmcnimoimkcojdmfhl/delayed.html?1&https://en.wikipedia.org/wiki/Four-valued_logic	hnncfhodpmpjchmmcnimoimkcojdmfhl		1790983120704.02	2026-10-03 01:18:40	6	link	Site Blocked (Block Set 1)
chrome-extension://hnncfhodpmpjchmmcnimoimkcojdmfhl/delayed.html?1&https://en.wikipedia.org/wiki/Three-state_logic	hnncfhodpmpjchmmcnimoimkcojdmfhl		1790983124689.376	2026-10-03 01:18:44	6	link	Site Blocked (Block Set 1)
chrome-extension://hnncfhodpmpjchmmcnimoimkcojdmfhl/delayed.html?1&https://en.wikipedia.org/wiki/Four-valued_logic	hnncfhodpmpjchmmcnimoimkcojdmfhl		1790983129587.648	2026-10-03 01:18:49	6	link	Site Blocked (Block Set 1)
https://en.wikipedia.org/wiki/Monoidal_t-norm_logic	en.wikipedia.org	wikipedia.org	1790984349147.235	2026-10-03 01:39:09	6	reload	Monoidal t-norm logic - Wikipedia
https://jdh.hamkins.org/the-hierarchy-of-logical-expressivity/	jdh.hamkins.org	hamkins.org	1790984353880.254	2026-10-03 01:39:13	6	reload	The hierarchy of logical expressivity | Joel David Hamkins
https://en.wikipedia.org/wiki/List_of_axiomatic_systems_in_logic#Intuitionistic_and_intermediate_logics	en.wikipedia.org	wikipedia.org	1790984357427.455	2026-10-03 01:39:17	6	reload	List of axiomatic systems in logic - Wikipedia
https://en.wikipedia.org/wiki/Implicational_propositional_calculus	en.wikipedia.org	wikipedia.org	1790984371798.935	2026-10-03 01:39:31	6	reload	Implicational propositional calculus - Wikipedia
https://en.wikipedia.org/wiki/Metalanguage	en.wikipedia.org	wikipedia.org	1790984387480.09	2026-10-03 01:39:47	6	reload	Metalanguage - Wikipedia
https://en.wikipedia.org/wiki/Intermediate_logic	en.wikipedia.org	wikipedia.org	1790984405447.428	2026-10-03 01:40:05	6	reload	Intermediate logic - Wikipedia
https://en.wikipedia.org/wiki/Talk:Intermediate_logic	en.wikipedia.org	wikipedia.org	1790984430258.202	2026-10-03 01:40:30	6	link	Talk:Intermediate logic - Wikipedia
https://en.wikipedia.org/wiki/Intermediate_logic	en.wikipedia.org	wikipedia.org	1790984448716.53	2026-10-03 01:40:48	6	reload	Intermediate logic - Wikipedia
https://en.wikipedia.org/wiki/Realizability	en.wikipedia.org	wikipedia.org	1790984702411.417	2026-10-03 01:45:02	6	link	Realizability - Wikipedia
https://encyclopediaofmath.org/index.php?title=Intermediate_logic	encyclopediaofmath.org	encyclopediaofmath.org	1790984870821.52	2026-10-03 01:47:50	6	link	502 Server Error
https://gemini.google.com/app	gemini.google.com	google.com	1790985013515.301	2026-10-03 01:50:13	6	typed	Google Gemini
https://gemini.google.com/app/6d5a0a86476dccb0	gemini.google.com	google.com	1790985040054.783	2026-10-03 01:50:40	6	link	Google Gemini
chrome-extension://hnncfhodpmpjchmmcnimoimkcojdmfhl/delayed.html?1&https://en.wikipedia.org/wiki/Disjunction_and_existence_properties	hnncfhodpmpjchmmcnimoimkcojdmfhl		1790985409411.433	2026-10-03 01:56:49	6	link	Site Blocked (Block Set 1)
https://www.google.com/search?q=This+stands+for+the+2-category+of+logics+and+logical+translations.&oq=This+stands+for+the+2-category+of+logics+and+logical+translations.&gs_lcrp=EgRlZGdlKgYIABBFGDkyBggAEEUYOagCALACAA&sourceid=chrome&ie=UTF-8&source=chrome.ctxt	www.google.com	google.com	1790989966779.879	2026-10-03 03:12:46	6	link	This stands for the 2-category of logics and logical translations. - Hledat Googlem
https://www.google.com/search?q=This+stands+for+the+2-category+of+Deductive+Systems.&oq=This+stands+for+the+2-category+of+Deductive+Systems.&gs_lcrp=EgRlZGdlKgYIABBFGDkyBggAEEUYOagCALACAA&sourceid=chrome&ie=UTF-8&source=chrome.ctxt	www.google.com	google.com	1790989976822.972	2026-10-03 03:12:56	6	link	This stands for the 2-category of Deductive Systems. - Hledat Googlem
https://www.google.com/search?q=There+is+also+a+massive%2C+related+framework+called+the+theory+of+Institutions.&oq=There+is+also+a+massive%2C+related+framework+called+the+theory+of+Institutions.&gs_lcrp=EgRlZGdlKgYIABBFGDkyBggAEEUYOagCALACAA&sourceid=chrome&ie=UTF-8&source=chrome.ctxt	www.google.com	google.com	1790989994167.096	2026-10-03 03:13:14	6	link	There is also a massive, related framework called the theory of Institutions. - Hledat Googlem
https://www.google.com/search?q=Mathematicians+usually+just+refer+to+it+directly+as+the+%22lattice+of+intermediate+logics%22+or+the+%22poset+category+of+superintuitionistic+logics.%22&oq=Mathematicians+usually+just+refer+to+it+directly+as+the+%22lattice+of+intermediate+logics%22+or+the+%22poset+category+of+superintuitionistic+logics.%22&gs_lcrp=EgRlZGdlKgYIABBFGDkyBggAEEUYOagCALACAA&sourceid=chrome&ie=UTF-8&source=chrome.ctxt	www.google.com	google.com	1790990038592.241	2026-10-03 03:13:58	6	link	Mathematicians usually just refer to it directly as the "lattice of intermediate logics" or the "poset category of superintuitionistic logics." - Hledat Googlem
https://www.google.com/search?newwindow=1&sca_esv=1b9a0e92a4573b1d&sxsrf=APpeQntFNaUsc5b55Yz9f6sehFpdWP1JSg:1790990039611&udm=imgs&fbs=ABfTbFV0iOAe5bfNeqyKguXm6dMy_0ApBOceFCSJ56j3b6FgHhiePJsdpZG-T28G_MN3pIv4eV5Q0U-L83cc0ypXHoajF48gbIHY629SFxx8P12uv0CpSMgP8jwTHHAeYEjGwCgpknnpUDNvt9V57vFFI3BPONzXRRwr5q_VGcZtoIg3KvTP9NjR4TBpz2AgE-l95jVvqXu6&q=Mathematicians+usually+just+refer+to+it+directly+as+the+%22lattice+of+intermediate+logic%22+or+the+%22poset+category+of+super+intuitionistic+logics.%22&sa=X&ved=2ahUKEwiMse3o1ZyXAxUeExAIHYC9OAUQtKgLegQIFxAB&biw=1222&bih=559&dpr=1.56	www.google.com	google.com	1790990045066.704	2026-10-03 03:14:05	6	link	Mathematicians usually just refer to it directly as the "lattice of intermediate logic" or the "poset category of super intuitionistic logics." - Hledat Googlem
https://jdh.hamkins.org/the-lattice-of-sets-of-natural-numbers-is-rich/	jdh.hamkins.org	hamkins.org	1790990170871.78	2026-10-03 03:16:10	6	link	The lattice of sets of natural numbers is rich | Joel David Hamkins
https://www.google.com/search?q=%22lattice+of+intermediate+logic%22+or+the+%22poset+category+of+super+intuitionistic+logics.%22&newwindow=1&sca_esv=1b9a0e92a4573b1d&udm=imgs&biw=1222&bih=559&sxsrf=APpeQnsWkkibqJTldfUkrO-_of5IU3-hQQ%3A1790990046113&ei=3lbAata4BsTbwPAP1p-koAY&ved=2ahUKEwjWn_rr1ZyXAxXELRAIHdYPCWQQ4dUDegQIBhAN&uact=5&oq=%22lattice+of+intermediate+logic%22+or+the+%22poset+category+of+super+intuitionistic+logics.%22&gs_lp=Egtnd3Mtd2l6LWltZyJXImxhdHRpY2Ugb2YgaW50ZXJtZWRpYXRlIGxvZ2ljIiBvciB0aGUgInBvc2V0IGNhdGVnb3J5IG9mIHN1cGVyIGludHVpdGlvbmlzdGljIGxvZ2ljcy4iSABQAFgAcAB4AJABAJgBAKABAKoBALgBA8gBAPgBAZgCAKACAJgDAJIHAKAHALIHALgHAMIHAMgHAIAIAQ&sclient=gws-wiz-img	www.google.com	google.com	1790990182264.778	2026-10-03 03:16:22	6	form_submit	"lattice of intermediate logic" or the "poset category of super intuitionistic logics." - Hledat Googlem
https://jdh.hamkins.org/the-hierarchy-of-logical-expressivity/	jdh.hamkins.org	hamkins.org	1790990213856.283	2026-10-03 03:16:53	6	link	The hierarchy of logical expressivity | Joel David Hamkins
https://www.google.com/search?newwindow=1&sca_esv=1b9a0e92a4573b1d&sxsrf=APpeQntvJ-FahcvVyWOQJC5Usqq79s1Y8w:1790989995210&udm=imgs&fbs=ABfTbFV0iOAe5bfNeqyKguXm6dMy_0ApBOceFCSJ56j3b6FgHhiePJsdpZG-T28G_MN3pIutRnok1R8X57RyHTlrmU2P174uIRvu0ZaVl6GYK5sUXmrAjrGNAike6teJmS0WMm9qxrMdFn-HGSRsXtewURvWA-RPPGK0q8mZELocxNqfpB4clpYDiG5bDZmnBKpp7jyDkpdR&q=There+is+also+a+massive,+related+framework+called+the+theory+of+Institutions.&sa=X&ved=2ahUKEwj9r9fT1ZyXAxXSJRAIHZpyMUoQtKgLegQIGRAB&biw=1222&bih=559&dpr=1.56	www.google.com	google.com	1790990236164.621	2026-10-03 03:17:16	6	link	There is also a massive, related framework called the theory of Institutions. - Hledat Googlem
https://www.google.com/search?q=goguen+theory+of+Institutions.&newwindow=1&sca_esv=1b9a0e92a4573b1d&udm=imgs&biw=1222&bih=559&sxsrf=APpeQntJBAtnUBbuMPc5oS3LIdN98s62uw%3A1790990235350&ei=m1fAat34FMmmwPAP__nxoQI&ved=2ahUKEwidspjG1pyXAxVJExAIHf98PCQQ4dUDegQIBhAN&uact=5&oq=goguen+theory+of+Institutions.&gs_lp=Egtnd3Mtd2l6LWltZyIeZ29ndWVuIHRoZW9yeSBvZiBJbnN0aXR1dGlvbnMuSNcuUABYlCpwAHgAkAEAmAHRAaABsQ-qAQU5LjcuMbgBA8gBAPgBAZgCBKAC9APCAgYQABgHGB7CAgYQABgIGB7CAgQQABgewgIIEAAYCBgHGB7CAggQABgFGAcYHpgDAJIHAzEuM6AH6SSyBwMxLjO4B_QDwgcFMi0xLjPIByWACAE&sclient=gws-wiz-img	www.google.com	google.com	1790990251228.23	2026-10-03 03:17:31	6	form_submit	goguen theory of Institutions. - Hledat Googlem
https://ncatlab.org/nlab/show/Joseph+Goguen	ncatlab.org	ncatlab.org	1790990272219.375	2026-10-03 03:17:52	6	link	Joseph Goguen in nLab
https://www.google.com/search?newwindow=1&sca_esv=1b9a0e92a4573b1d&sxsrf=APpeQnvduTQ3IGMgrN_yeiWeJrSR4PiitQ:1790989977710&udm=imgs&fbs=ABfTbFV0iOAe5bfNeqyKguXm6dMy_0ApBOceFCSJ56j3b6FgHhiePJsdpZG-T28G_MN3pIv4eV5Q0U-L83cc0ypXHoajzfUESp7wfd8NhHSw5RKmfdtl7of9YyS49deARNbC0-RF3zwkAKbVrAU1ZghMa7l_28ZJeUAboRd1gT3N3rqqNcwF7Ia4taxMN7WaOCidc2kJsf_K&q=This+stands+for+the+2-category+of+Deductive+Systems.&sa=X&ved=2ahUKEwiHmqvL1ZyXAxX-LxAIHfARKkkQtKgLegQIGBAB&biw=1222&bih=559&dpr=1.56	www.google.com	google.com	1790990296082.664	2026-10-03 03:18:16	6	link	This stands for the 2-category of Deductive Systems. - Hledat Googlem
chrome-extension://hnncfhodpmpjchmmcnimoimkcojdmfhl/delayed.html?1&https://www.google.com/search?q=This+stands+for+the+2-category+of+%22Deductive+Systems.%22++ded&newwindow=1&sca_esv=1b9a0e92a4573b1d&udm=imgs&biw=1222&bih=559&sxsrf=APpeQnubMw4w32WbmEc2dBJTbOhNt3JiLA%3A1790990297140&ei=2VfAatmMCO7GwPAP9orrqA0&ved=2ahUKEwiZ3dPj1pyXAxVuIxAIHXbFGtUQ4dUDegQIBhAN&uact=5&oq=This+stands+for+the+2-category+of+%22Deductive+Systems.%22++ded&gs_lp=Egtnd3Mtd2l6LWltZyI7VGhpcyBzdGFuZHMgZm9yIHRoZSAyLWNhdGVnb3J5IG9mICJEZWR1Y3RpdmUgU3lzdGVtcy4iICBkZWRIzDVQqw5Y9zJwAngAkAEAmAF1oAGAB6oBAzQuNbgBA8gBAPgBAZgCA6AC0AHCAgcQIxjJAhgnmAMAiAYBkgcDMi4xoAfSBLIHAzEuMbgHyQHCBwcwLjEuMS4xyAcTgAgB&sclient=gws-wiz-img	hnncfhodpmpjchmmcnimoimkcojdmfhl		1790990314857.618	2026-10-03 03:18:34	6	link	Site Blocked (Block Set 1)
chrome-extension://hnncfhodpmpjchmmcnimoimkcojdmfhl/delayed.html?1&https://www.google.com/search?newwindow=1&sca_esv=1b9a0e92a4573b1d&sxsrf=APpeQnvcu6nTmIDJpUVlD23rDVQPR8Gx0g:1790989967372&udm=imgs&fbs=ABfTbFV0iOAe5bfNeqyKguXm6dMy_0ApBOceFCSJ56j3b6FgHhiePJsdpZG-T28G_MN3pIv4eV5Q0U-L83cc0ypXHoajzfUESp7wfd8NhHSw5RKmfdtl7of9YyS49deARNbC0-RF3zwkAKbVrAU1ZghMa7l_28ZJeUAboRd1gT3N3rqqNcwF7Ia4taxMN7WaOCidc2kJsf_K&q=This+stands+for+the+2-category+of+logics+and+logical+translations.&sa=X&ved=2ahUKEwjimbTG1ZyXAxXnTFUIHdh6DbUQtKgLegQIGRAB&biw=1222&bih=559&dpr=1.56	hnncfhodpmpjchmmcnimoimkcojdmfhl		1790990324218.228	2026-10-03 03:18:44	6	link	Site Blocked (Block Set 1)
chrome-extension://hnncfhodpmpjchmmcnimoimkcojdmfhl/delayed.html?1&https://en.wikipedia.org/wiki/Monoidal_t-norm_logic	hnncfhodpmpjchmmcnimoimkcojdmfhl		1790990330042.282	2026-10-03 03:18:50	6	link	Site Blocked (Block Set 1)
chrome-extension://hnncfhodpmpjchmmcnimoimkcojdmfhl/delayed.html?1&https://jdh.hamkins.org/the-hierarchy-of-logical-expressivity/	hnncfhodpmpjchmmcnimoimkcojdmfhl		1790990334450.707	2026-10-03 03:18:54	6	link	Site Blocked (Block Set 1)
chrome-extension://hnncfhodpmpjchmmcnimoimkcojdmfhl/delayed.html?1&https://en.wikipedia.org/wiki/List_of_axiomatic_systems_in_logic#Intuitionistic_and_intermediate_logics	hnncfhodpmpjchmmcnimoimkcojdmfhl		1790990340275.816	2026-10-03 03:19:00	6	link	Site Blocked (Block Set 1)
chrome-extension://hnncfhodpmpjchmmcnimoimkcojdmfhl/delayed.html?1&https://en.wikipedia.org/wiki/Implicational_propositional_calculus	hnncfhodpmpjchmmcnimoimkcojdmfhl		1790990342816.25	2026-10-03 03:19:02	6	link	Site Blocked (Block Set 1)
chrome-extension://hnncfhodpmpjchmmcnimoimkcojdmfhl/delayed.html?1&https://www.google.com/search?q=%22lattice+of+intermediate+logic%22+or+the+%22poset+category+of+super+intuitionistic+logics.%22&newwindow=1&sca_esv=1b9a0e92a4573b1d&udm=imgs&biw=1222&bih=559&sxsrf=APpeQnsWkkibqJTldfUkrO-_of5IU3-hQQ%3A1790990046113&ei=3lbAata4BsTbwPAP1p-koAY&ved=2ahUKEwjWn_rr1ZyXAxXELRAIHdYPCWQQ4dUDegQIBhAN&uact=5&oq=%22lattice+of+intermediate+logic%22+or+the+%22poset+category+of+super+intuitionistic+logics.%22&gs_lp=Egtnd3Mtd2l6LWltZyJXImxhdHRpY2Ugb2YgaW50ZXJtZWRpYXRlIGxvZ2ljIiBvciB0aGUgInBvc2V0IGNhdGVnb3J5IG9mIHN1cGVyIGludHVpdGlvbmlzdGljIGxvZ2ljcy4iSABQAFgAcAB4AJABAJgBAKABAKoBALgBA8gBAPgBAZgCAKACAJgDAJIHAKAHALIHALgHAMIHAMgHAIAIAQ&sclient=gws-wiz-img	hnncfhodpmpjchmmcnimoimkcojdmfhl		1790990389485.099	2026-10-03 03:19:49	6	link	Site Blocked (Block Set 1)
chrome-extension://hnncfhodpmpjchmmcnimoimkcojdmfhl/delayed.html?1&https://www.google.com/search?q=%22lattice+of+intermediate+logic%22+&newwindow=1&sca_esv=1b9a0e92a4573b1d&udm=imgs&biw=1222&bih=559&sxsrf=APpeQnsDBxFc2ienkuhQQRJlUHDgJd55VQ%3A1790990181432&ei=ZVfAavDzGZiC1fIPkoLdkAY&ved=2ahUKEwiwur2s1pyXAxUYQVUIHRJBF2IQ4dUDegQIBhAN&uact=5&oq=%22lattice+of+intermediate+logic%22+&gs_lp=Egtnd3Mtd2l6LWltZyIgImxhdHRpY2Ugb2YgaW50ZXJtZWRpYXRlIGxvZ2ljIiBIqCVQAFjkGXAAeACQAQCYAW6gAc0BqgEDMS4xuAEDyAEA-AEBmAIAoAIAmAMAkgcAoAcYsgcAuAcAwgcAyAcAgAgB&sclient=gws-wiz-img	hnncfhodpmpjchmmcnimoimkcojdmfhl		1790990402030.01	2026-10-03 03:20:02	6	link	Site Blocked (Block Set 1)
chrome-extension://hnncfhodpmpjchmmcnimoimkcojdmfhl/delayed.html?1&https://www.google.com/search?q=%22lattice+of+intermediate+logic%22+or+the+%22poset+category+of+super+intuitionistic+logics.%22&newwindow=1&sca_esv=1b9a0e92a4573b1d&udm=imgs&biw=1222&bih=559&sxsrf=APpeQnsWkkibqJTldfUkrO-_of5IU3-hQQ%3A1790990046113&ei=3lbAata4BsTbwPAP1p-koAY&ved=2ahUKEwjWn_rr1ZyXAxXELRAIHdYPCWQQ4dUDegQIBhAN&uact=5&oq=%22lattice+of+intermediate+logic%22+or+the+%22poset+category+of+super+intuitionistic+logics.%22&gs_lp=Egtnd3Mtd2l6LWltZyJXImxhdHRpY2Ugb2YgaW50ZXJtZWRpYXRlIGxvZ2ljIiBvciB0aGUgInBvc2V0IGNhdGVnb3J5IG9mIHN1cGVyIGludHVpdGlvbmlzdGljIGxvZ2ljcy4iSABQAFgAcAB4AJABAJgBAKABAKoBALgBA8gBAPgBAZgCAKACAJgDAJIHAKAHALIHALgHAMIHAMgHAIAIAQ&sclient=gws-wiz-img	hnncfhodpmpjchmmcnimoimkcojdmfhl		1790990410690.02	2026-10-03 03:20:10	6	reload	Site Blocked (Block Set 1)
https://www.google.com/search?q=%22lattice+of+intermediate+logic%22+or+the+%22poset+category+of+super+intuitionistic+logics.%22&newwindow=1&sca_esv=1b9a0e92a4573b1d&udm=imgs&biw=1222&bih=559&sxsrf=APpeQnsWkkibqJTldfUkrO-_of5IU3-hQQ%3A1790990046113&ei=3lbAata4BsTbwPAP1p-koAY&ved=2ahUKEwjWn_rr1ZyXAxXELRAIHdYPCWQQ4dUDegQIBhAN&uact=5&oq=%22lattice+of+intermediate+logic%22+or+the+%22poset+category+of+super+intuitionistic+logics.%22&gs_lp=Egtnd3Mtd2l6LWltZyJXImxhdHRpY2Ugb2YgaW50ZXJtZWRpYXRlIGxvZ2ljIiBvciB0aGUgInBvc2V0IGNhdGVnb3J5IG9mIHN1cGVyIGludHVpdGlvbmlzdGljIGxvZ2ljcy4iSABQAFgAcAB4AJABAJgBAKABAKoBALgBA8gBAPgBAZgCAKACAJgDAJIHAKAHALIHALgHAMIHAMgHAIAIAQ&sclient=gws-wiz-img	www.google.com	google.com	1790990431086.337	2026-10-03 03:20:31	6	link	"lattice of intermediate logic" or the "poset category of super intuitionistic logics." - Hledat Googlem
https://www.google.com/search?q=%22poset+category+of+super+intuitionistic+logics.%22&newwindow=1&sca_esv=1b9a0e92a4573b1d&udm=imgs&biw=1222&bih=559&sxsrf=APpeQnsDBxFc2ienkuhQQRJlUHDgJd55VQ%3A1790990181432&ei=ZVfAavDzGZiC1fIPkoLdkAY&ved=2ahUKEwiwur2s1pyXAxUYQVUIHRJBF2IQ4dUDegQIBhAN&uact=5&oq=%22poset+category+of+super+intuitionistic+logics.%22&gs_lp=Egtnd3Mtd2l6LWltZyIwInBvc2V0IGNhdGVnb3J5IG9mIHN1cGVyIGludHVpdGlvbmlzdGljIGxvZ2ljcy4iSP4FUABYAHAAeACQAQCYAVqgAVqqAQExuAEDyAEA-AEBmAIAoAIAmAMAkgcAoAcMsgcAuAcAwgcAyAcAgAgB&sclient=gws-wiz-img	www.google.com	google.com	1790990439386.859	2026-10-03 03:20:39	6	form_submit	"poset category of super intuitionistic logics." - Hledat Googlem
chrome-extension://hnncfhodpmpjchmmcnimoimkcojdmfhl/delayed.html?1&https://abuseofnotation.github.io/category-theory-illustrated/05_logic/	hnncfhodpmpjchmmcnimoimkcojdmfhl		1790990494337.256	2026-10-03 03:21:34	6	link	Site Blocked (Block Set 1)
chrome-extension://hnncfhodpmpjchmmcnimoimkcojdmfhl/delayed.html?1&https://link.springer.com/chapter/10.1007/978-3-662-66544-2_9	hnncfhodpmpjchmmcnimoimkcojdmfhl		1790990509151.089	2026-10-03 03:21:49	6	link	Site Blocked (Block Set 1)
chrome-extension://hnncfhodpmpjchmmcnimoimkcojdmfhl/delayed.html?1&https://jdh.hamkins.org/tag/lattices/	hnncfhodpmpjchmmcnimoimkcojdmfhl		1790990847755.069	2026-10-03 03:27:27	6	link	Site Blocked (Block Set 1)
chrome-extension://hnncfhodpmpjchmmcnimoimkcojdmfhl/delayed.html?1&https://ncatlab.org/nlab/show/A+Categorical+Manifesto	hnncfhodpmpjchmmcnimoimkcojdmfhl		1790990988049.267	2026-10-03 03:29:48	6	link	Site Blocked (Block Set 1)
https://ncatlab.org/nlab/show/institution	ncatlab.org	ncatlab.org	1790991018948.292	2026-10-03 03:30:18	6	link	institution in nLab
https://cseweb.ucsd.edu/~goguen/projs/inst.html	cseweb.ucsd.edu	ucsd.edu	1790991037927.667	2026-10-03 03:30:37	6	link	Institutions
https://iep.utm.edu/insti-th/	iep.utm.edu	utm.edu	1790991058805.404	2026-10-03 03:30:58	6	link	Institution Theory | Internet Encyclopedia of Philosophy
https://ncatlab.org/nlab/show/A+Categorical+Manifesto	ncatlab.org	ncatlab.org	1790991064971.574	2026-10-03 03:31:04	6	link	A Categorical Manifesto in nLab
https://www.imar.ro/~diacon/	www.imar.ro	imar.ro	1790991103549.489	2026-10-03 03:31:43	6	link	Razvan Diaconescu
https://rdiaconescu.weebly.com/	rdiaconescu.weebly.com	weebly.com	1790991113761.034	2026-10-03 03:31:53	6	link	Home
https://www.google.com/search?newwindow=1&sca_esv=1b9a0e92a4573b1d&sxsrf=APpeQnvcu6nTmIDJpUVlD23rDVQPR8Gx0g:1790989967372&udm=imgs&fbs=ABfTbFV0iOAe5bfNeqyKguXm6dMy_0ApBOceFCSJ56j3b6FgHhiePJsdpZG-T28G_MN3pIv4eV5Q0U-L83cc0ypXHoajzfUESp7wfd8NhHSw5RKmfdtl7of9YyS49deARNbC0-RF3zwkAKbVrAU1ZghMa7l_28ZJeUAboRd1gT3N3rqqNcwF7Ia4taxMN7WaOCidc2kJsf_K&q=This+stands+for+the+2-category+of+logics+and+logical+translations.&sa=X&ved=2ahUKEwjimbTG1ZyXAxXnTFUIHdh6DbUQtKgLegQIGRAB&biw=1222&bih=559&dpr=1.56	www.google.com	google.com	1790991160509.486	2026-10-03 03:32:40	6	link	This stands for the 2-category of logics and logical translations. - Hledat Googlem
https://amateurlogician.com/symbols-translations/	amateurlogician.com	amateurlogician.com	1790991176366.854	2026-10-03 03:32:56	6	link	Symbols & Translations - Amateur Logician
https://bookdown.org/rlridenour/ct-text/categorical-logic.html	bookdown.org	bookdown.org	1790991185885.57	2026-10-03 03:33:05	6	link	Chapter 3 Categorical Logic | Pursuing Truth: A Guide to Critical Thinking
https://en.wikipedia.org/wiki/Logic_translation	en.wikipedia.org	wikipedia.org	1790991197008.839	2026-10-03 03:33:17	6	link	Logic translation - Wikipedia
https://amateurlogician.com/2026/07/	amateurlogician.com	amateurlogician.com	1790991260792.285	2026-10-03 03:34:20	6	link	July 2026 - Amateur Logician
https://amateurlogician.com/blog/	amateurlogician.com	amateurlogician.com	1790991270267.929	2026-10-03 03:34:30	6	link	About Me: The Amateur Logician - Amateur Logician
https://bookdown.org/rlridenour/ct-text/categorical-logic.html#diagramming-sentences	bookdown.org	bookdown.org	1790991312222.54	2026-10-03 03:35:12	6	link	Chapter 3 Categorical Logic | Pursuing Truth: A Guide to Critical Thinking
https://bookdown.org/rlridenour/ct-text/propositional-logic.html#translations	bookdown.org	bookdown.org	1790991337911.739	2026-10-03 03:35:37	6	link	Chapter 4 Propositional Logic | Pursuing Truth: A Guide to Critical Thinking
https://en.wikipedia.org/wiki/Talk:Logic_translation	en.wikipedia.org	wikipedia.org	1790991418842.221	2026-10-03 03:36:58	6	link	Talk:Logic translation - Wikipedia
https://amateurlogician.com/blog/	amateurlogician.com	amateurlogician.com	1790994362762.272	2026-10-03 04:26:02	6	reload	About Me: The Amateur Logician - Amateur Logician
https://www.google.com/search?q=Intermediate+logics+form+a+complete+lattice%2C+with+intuitionistic+logic+as+the+bottom+and+classical+logic+as+the+top.+It+has+a+unique+coatom+called+SmL.+Similarly%2C+superintuitionistic+logics+form+a+complete+lattice%2C+with+intuitionistic+logic+as+the+bottom+and+inconsistent+logic+as+the+top.+Classical+logic+is+the+only+coatom.&oq=Intermediate+logics+form+a+complete+lattice%2C+with+intuitionistic+logic+as+the+bottom+and+classical+logic+as+the+top.+It+has+a+unique+coatom+called+SmL.+Similarly%2C+superintuitionistic+logics+form+a+complete+lattice%2C+with+intuitionistic+logic+as+the+bottom+and+inconsistent+logic+as+the+top.+Classical+logic+is+the+only+coatom.&gs_lcrp=EgRlZGdlKgYIABBFGDkyBggAEEUYOagCALACAA&sourceid=chrome&ie=UTF-8&source=chrome.ctxt	www.google.com	google.com	1790994443909.425	2026-10-03 04:27:23	6	link	Intermediate logics form a complete lattice, with intuitionistic logic as the bottom and classical logic as the top. It has a unique coatom called SmL. Similarly, superintuitionistic logics form a complete lattice, with intuitionistic logic as the bottom and inconsistent logic as the top. Classical logic is the only coatom. - Hledat Googlem
https://www.google.com/search?newwindow=1&sca_esv=b91f89c816ae58cc&sxsrf=APpeQntGbvJJISKHwju-iH_xo3ZiEJ_jbw:1790994444746&udm=imgs&fbs=ABfTbFV0iOAe5bfNeqyKguXm6dMy_0ApBOceFCSJ56j3b6FgHhiePJsdpZG-T28G_MN3pIuSM6wcKkgwngY-JBn9I6U9XO1XsSOW5MbpWEqG0bOoRRJCjJH3zjQUhKgHavCYpWGEQ27kJ6eH5sV_r2GgzSBIFtP6SVdpLUrfQbKnfFw-zkmwObxHOuTTLFccNT3swv6a00-h&q=Intermediate+logics+form+a+complete+lattice,+with+intuitionistic+logic+as+the+bottom+and+classical+logic+as+the+top.+It+has+a+unique+coatom+called+SmL.+Similarly,+superintuitionistic+logics+form+a+complete+lattice,+with+intuitionistic+logic+as+the+bottom+and+inconsistent+logic+as+the+top.+Classical+logic+is+the+only+coatom.&sa=X&ved=2ahUKEwicvLGd5pyXAxUwPxAIHX2KEFAQtKgLegQIGBAB&biw=1222&bih=559&dpr=1.56	www.google.com	google.com	1790994451197.506	2026-10-03 04:27:31	6	link	Intermediate logics form a complete lattice, with intuitionistic logic as the bottom and classical logic as the top. It has a unique coatom called SmL. Similarly, superintuitionistic logics form a complete lattice, with intuitionistic logic as the bottom and inconsistent logic as the top. Classical logic is the only coatom. - Hledat Googlem
https://www.logicamodernapproach.com/rpi/iflai2.fall2023.bringsjord/	www.logicamodernapproach.com	logicamodernapproach.com	1790994490316.362	2026-10-03 04:28:10	6	link	Intermediate Formal Logic and AI (= IFLAI2)</br> <font size="-1">Fall 2023 edition of IFLAI2</font> </br> <font size="+1"><a href="http://www.rpi.edu/~brings">Selmer Bringsjord</a></font>
https://www.logicamodernapproach.com/rpi/iflai2.fall2023.bringsjord/logic_universe.jpg	www.logicamodernapproach.com	logicamodernapproach.com	1790994629541.137	2026-10-03 04:30:29	6	link	logic_universe.jpg (2133×1600)
https://www.google.com/search?newwindow=1&sca_esv=b91f89c816ae58cc&sxsrf=APpeQntA9UoZ-kDSx0Cd2UOErBTeRTWjVQ:1790994452031&q=Intermediate+logics+form+a+complete+lattice,+with+intuitionistic+logic+as+the+bottom+and+classical+logic+as+the+top.+It+has+a+unique+coatom+called+SmL.+Similarly,+superintuitionistic+logics+form+a+complete+lattice,+with+intuitionistic+logic+as+the+bottom+and+inconsistent+logic+as+the+top.+Classical+logic+is+the+only+coatom.&source=lnms&fbs=ABfTbFV0iOAe5bfNeqyKguXm6dMy_0ApBOceFCSJ56j3b6FgHhiePJsdpZG-T28G_MN3pIuSM6wcKkgwngY-JBn9I6U9XO1XsSOW5MbpWEqG0bOoRRJCjJH3zjQUhKgHavCYpWGEQ27kJ6eH5sV_r2GgzSBIFtP6SVdpLUrfQbKnfFw-zkmwObxHOuTTLFccNT3swv6a00-h&sa=X&ved=2ahUKEwj_ju6g5pyXAxVVEBAIHZKJMU0Q0pQJegQIDhAB&biw=1222&bih=559&dpr=1.56	www.google.com	google.com	1790994842523.485	2026-10-03 04:34:02	6	link	Intermediate logics form a complete lattice, with intuitionistic logic as the bottom and classical logic as the top. It has a unique coatom called SmL. Similarly, superintuitionistic logics form a complete lattice, with intuitionistic logic as the bottom and inconsistent logic as the top. Classical logic is the only coatom. - Hledat Googlem
https://abuseofnotation.github.io/category-theory-illustrated/05_logic/	abuseofnotation.github.io	abuseofnotation.github.io	1790994864048.536	2026-10-03 04:34:24	6	link	Category Theory Illustrated - Logic
chrome-extension://hnncfhodpmpjchmmcnimoimkcojdmfhl/delayed.html?1&https://jdh.hamkins.org/the-lattice-of-sets-of-natural-numbers-is-rich/	hnncfhodpmpjchmmcnimoimkcojdmfhl		1790995636990.907	2026-10-03 04:47:16	6	link	Site Blocked (Block Set 1)
chrome-extension://hnncfhodpmpjchmmcnimoimkcojdmfhl/delayed.html?1&https://jdh.hamkins.org/the-hierarchy-of-logical-expressivity/	hnncfhodpmpjchmmcnimoimkcojdmfhl		1790995644814.53	2026-10-03 04:47:24	6	link	Site Blocked (Block Set 1)
chrome-extension://hnncfhodpmpjchmmcnimoimkcojdmfhl/delayed.html?1&https://www.google.com/search?q=goguen+theory+of+Institutions.&newwindow=1&sca_esv=1b9a0e92a4573b1d&udm=imgs&biw=1222&bih=559&sxsrf=APpeQntJBAtnUBbuMPc5oS3LIdN98s62uw%3A1790990235350&ei=m1fAat34FMmmwPAP__nxoQI&ved=2ahUKEwidspjG1pyXAxVJExAIHf98PCQQ4dUDegQIBhAN&uact=5&oq=goguen+theory+of+Institutions.&gs_lp=Egtnd3Mtd2l6LWltZyIeZ29ndWVuIHRoZW9yeSBvZiBJbnN0aXR1dGlvbnMuSNcuUABYlCpwAHgAkAEAmAHRAaABsQ-qAQU5LjcuMbgBA8gBAPgBAZgCBKAC9APCAgYQABgHGB7CAgYQABgIGB7CAgQQABgewgIIEAAYCBgHGB7CAggQABgFGAcYHpgDAJIHAzEuM6AH6SSyBwMxLjO4B_QDwgcFMi0xLjPIByWACAE&sclient=gws-wiz-img	hnncfhodpmpjchmmcnimoimkcojdmfhl		1790995648876.142	2026-10-03 04:47:28	6	link	Site Blocked (Block Set 1)
chrome-extension://hnncfhodpmpjchmmcnimoimkcojdmfhl/delayed.html?1&https://ncatlab.org/nlab/show/A+Categorical+Manifesto	hnncfhodpmpjchmmcnimoimkcojdmfhl		1790995651198.591	2026-10-03 04:47:31	6	link	Site Blocked (Block Set 1)
chrome-extension://hnncfhodpmpjchmmcnimoimkcojdmfhl/delayed.html?1&https://cseweb.ucsd.edu/~goguen/projs/inst.html	hnncfhodpmpjchmmcnimoimkcojdmfhl		1790995653576.571	2026-10-03 04:47:33	6	link	Site Blocked (Block Set 1)
chrome-extension://hnncfhodpmpjchmmcnimoimkcojdmfhl/delayed.html?1&https://rdiaconescu.weebly.com/	hnncfhodpmpjchmmcnimoimkcojdmfhl		1790995656219.034	2026-10-03 04:47:36	6	link	Site Blocked (Block Set 1)
chrome-extension://hnncfhodpmpjchmmcnimoimkcojdmfhl/delayed.html?1&https://www.informatik.uni-bremen.de/flirts/	hnncfhodpmpjchmmcnimoimkcojdmfhl		1790995657775.57	2026-10-03 04:47:37	6	link	Site Blocked (Block Set 1)
chrome-extension://hnncfhodpmpjchmmcnimoimkcojdmfhl/delayed.html?1&https://iep.utm.edu/insti-th/	hnncfhodpmpjchmmcnimoimkcojdmfhl		1790995659925.595	2026-10-03 04:47:39	6	link	Site Blocked (Block Set 1)
chrome-extension://hnncfhodpmpjchmmcnimoimkcojdmfhl/delayed.html?1&https://www.google.com/search?newwindow=1&sca_esv=1b9a0e92a4573b1d&sxsrf=APpeQnvcu6nTmIDJpUVlD23rDVQPR8Gx0g:1790989967372&udm=imgs&fbs=ABfTbFV0iOAe5bfNeqyKguXm6dMy_0ApBOceFCSJ56j3b6FgHhiePJsdpZG-T28G_MN3pIv4eV5Q0U-L83cc0ypXHoajzfUESp7wfd8NhHSw5RKmfdtl7of9YyS49deARNbC0-RF3zwkAKbVrAU1ZghMa7l_28ZJeUAboRd1gT3N3rqqNcwF7Ia4taxMN7WaOCidc2kJsf_K&q=This+stands+for+the+2-category+of+logics+and+logical+translations.&sa=X&ved=2ahUKEwjimbTG1ZyXAxXnTFUIHdh6DbUQtKgLegQIGRAB&biw=1222&bih=559&dpr=1.56	hnncfhodpmpjchmmcnimoimkcojdmfhl		1790995666127.256	2026-10-03 04:47:46	6	link	Site Blocked (Block Set 1)
chrome-extension://hnncfhodpmpjchmmcnimoimkcojdmfhl/delayed.html?1&https://bookdown.org/rlridenour/ct-text/propositional-logic.html#translations	hnncfhodpmpjchmmcnimoimkcojdmfhl		1790995669388.064	2026-10-03 04:47:49	6	link	Site Blocked (Block Set 1)
chrome-extension://hnncfhodpmpjchmmcnimoimkcojdmfhl/delayed.html?1&https://en.wikipedia.org/wiki/Talk:Logic_translation	hnncfhodpmpjchmmcnimoimkcojdmfhl		1790995675729.938	2026-10-03 04:47:55	6	link	Site Blocked (Block Set 1)
chrome-extension://hnncfhodpmpjchmmcnimoimkcojdmfhl/delayed.html?1&https://www.google.com/search?q=most+common+formal+notation+is+simply+Log.+This+stands+for+the+2-category+of+logics+and+logical+translations.+Proof+theorists%2C+however%2C+often+prefer+to+call+it+Ded.+This+stands+for+the+2-category+of+Deductive+Systems.&oq=most+common+formal+notation+is+simply+Log.+This+stands+for+the+2-category+of+logics+and+logical+translations.++Proof+theorists%2C+however%2C+often+prefer+to+call+it+Ded.+This+stands+for+the+2-category+of+Deductive+Systems.&gs_lcrp=EgRlZGdlKgYIABBFGDkyBggAEEUYOagCALACAA&sourceid=chrome&ie=UTF-8&source=chrome.ctxt	hnncfhodpmpjchmmcnimoimkcojdmfhl		1790995707368.539	2026-10-03 04:48:27	6	link	Site Blocked (Block Set 1)
https://www.google.com/search?q=most+common+formal+notation+is+simply+Log.+This+stands+for+the+2-category+of+logics+and+logical+translations.+Proof+theorists%2C+however%2C+often+prefer+to+call+it+Ded.+This+stands+for+the+2-category+of+Deductive+Systems.&oq=most+common+formal+notation+is+simply+Log.+This+stands+for+the+2-category+of+logics+and+logical+translations.++Proof+theorists%2C+however%2C+often+prefer+to+call+it+Ded.+This+stands+for+the+2-category+of+Deductive+Systems.&gs_lcrp=EgRlZGdlKgYIABBFGDkyBggAEEUYOagCALACAA&sourceid=chrome&ie=UTF-8&source=chrome.ctxt	www.google.com	google.com	1790995727864.606	2026-10-03 04:48:47	6	link	most common formal notation is simply Log. This stands for the 2-category of logics and logical translations. Proof theorists, however, often prefer to call it Ded. This stands for the 2-category of Deductive Systems. - Hledat Googlem
https://www.google.com/search?q=%22Log%22.+This+stands+for+the+2-category+of+logics+and+logical+translations.+Proof+theorists%2C+however%2C+often+prefer+to+call+it+%22Ded%22.+This+stands+for+the+2-category+of+Deductive+Systems.&newwindow=1&sca_esv=b91f89c816ae58cc&sxsrf=APpeQnv2gpVfCAztc33OuklpZ2_NSHcvtg%3A1790995728917&ei=EG3Aau_GN4WM9u8PvsnD4AQ&biw=1222&bih=559&uact=5&oq=%22Log%22.+This+stands+for+the+2-category+of+logics+and+logical+translations.+Proof+theorists%2C+however%2C+often+prefer+to+call+it+%22Ded%22.+This+stands+for+the+2-category+of+Deductive+Systems.&gs_lp=Egxnd3Mtd2l6LXNlcnAitwEiTG9nIi4gVGhpcyBzdGFuZHMgZm9yIHRoZSAyLWNhdGVnb3J5IG9mIGxvZ2ljcyBhbmQgbG9naWNhbCB0cmFuc2xhdGlvbnMuIFByb29mIHRoZW9yaXN0cywgaG93ZXZlciwgb2Z0ZW4gcHJlZmVyIHRvIGNhbGwgaXQgIkRlZCIuIFRoaXMgc3RhbmRzIGZvciB0aGUgMi1jYXRlZ29yeSBvZiBEZWR1Y3RpdmUgU3lzdGVtcy5IAFAAWABwAHgBkAEAmAEAoAEAqgEAuAEDyAEA-AEBmAIAoAIAmAMAkgcAoAcAsgcAuAcAwgcAyAcAgAgB&sclient=gws-wiz-serp	www.google.com	google.com	1790995794940.441	2026-10-03 04:49:54	6	form_submit	"Log". This stands for the 2-category of logics and logical translations. Proof theorists, however, often prefer to call it "Ded". This stands for the 2-category of Deductive Systems. - Hledat Googlem
chrome-extension://hnncfhodpmpjchmmcnimoimkcojdmfhl/delayed.html?1&https://www.google.com/search?q=%22Log%22.+This+stands+for+the+2-category+of+logics+and+logical+translations.+Proof+theorists%2C+however%2C+often+prefer+to+call+it+%22Ded%22.+This+stands+for+the+2-category+of+Deductive+Systems.&newwindow=1&sca_esv=b91f89c816ae58cc&sxsrf=APpeQnv2gpVfCAztc33OuklpZ2_NSHcvtg%3A1790995728917&ei=EG3Aau_GN4WM9u8PvsnD4AQ&biw=1222&bih=559&uact=5&oq=%22Log%22.+This+stands+for+the+2-category+of+logics+and+logical+translations.+Proof+theorists%2C+however%2C+often+prefer+to+call+it+%22Ded%22.+This+stands+for+the+2-category+of+Deductive+Systems.&gs_lp=Egxnd3Mtd2l6LXNlcnAitwEiTG9nIi4gVGhpcyBzdGFuZHMgZm9yIHRoZSAyLWNhdGVnb3J5IG9mIGxvZ2ljcyBhbmQgbG9naWNhbCB0cmFuc2xhdGlvbnMuIFByb29mIHRoZW9yaXN0cywgaG93ZXZlciwgb2Z0ZW4gcHJlZmVyIHRvIGNhbGwgaXQgIkRlZCIuIFRoaXMgc3RhbmRzIGZvciB0aGUgMi1jYXRlZ29yeSBvZiBEZWR1Y3RpdmUgU3lzdGVtcy5IAFAAWABwAHgBkAEAmAEAoAEAqgEAuAEDyAEA-AEBmAIAoAIAmAMAkgcAoAcAsgcAuAcAwgcAyAcAgAgB&sclient=gws-wiz-serp	hnncfhodpmpjchmmcnimoimkcojdmfhl		1790995813932.003	2026-10-03 04:50:13	6	link	Site Blocked (Block Set 1)
https://www.google.com/search?q=nlab+%22Log%22.+This+stands+for+the+2-category+of+logics+and+logical+translations.+Proof+theorists%2C+however%2C+often+prefer+to+call+it+%22Ded%22.+This+stands+for+the+2-category+of+Deductive+Systems.&newwindow=1&sca_esv=b91f89c816ae58cc&biw=1222&bih=559&sxsrf=APpeQnvchYYxcCiwMiaO8-gEXIIx09CJgg%3A1790995796021&ei=VG3AavxrjI327w_Yneu5BQ&uact=5&oq=nlab+%22Log%22.+This+stands+for+the+2-category+of+logics+and+logical+translations.+Proof+theorists%2C+however%2C+often+prefer+to+call+it+%22Ded%22.+This+stands+for+the+2-category+of+Deductive+Systems.&gs_lp=Egxnd3Mtd2l6LXNlcnAivAFubGFiICJMb2ciLiBUaGlzIHN0YW5kcyBmb3IgdGhlIDItY2F0ZWdvcnkgb2YgbG9naWNzIGFuZCBsb2dpY2FsIHRyYW5zbGF0aW9ucy4gUHJvb2YgdGhlb3Jpc3RzLCBob3dldmVyLCBvZnRlbiBwcmVmZXIgdG8gY2FsbCBpdCAiRGVkIi4gVGhpcyBzdGFuZHMgZm9yIHRoZSAyLWNhdGVnb3J5IG9mIERlZHVjdGl2ZSBTeXN0ZW1zLkgAUABYAHAAeACQAQCYAQCgAQCqAQC4AQPIAQD4AQGYAgCgAgCYAwCSBwCgBwCyBwC4BwDCBwDIBwCACAE&sclient=gws-wiz-serp	www.google.com	google.com	1790995822944.921	2026-10-03 04:50:22	6	form_submit	nlab "Log". This stands for the 2-category of logics and logical translations. Proof theorists, however, often prefer to call it "Ded". This stands for the 2-category of Deductive Systems. - Hledat Googlem
chrome-extension://hnncfhodpmpjchmmcnimoimkcojdmfhl/delayed.html?1&https://ncatlab.org/nlab/show/deductive+system	hnncfhodpmpjchmmcnimoimkcojdmfhl		1790995832554.593	2026-10-03 04:50:32	6	link	Site Blocked (Block Set 1)
chrome-extension://hnncfhodpmpjchmmcnimoimkcojdmfhl/delayed.html?1&https://ncatlab.org/nlab/show/internal+logic	hnncfhodpmpjchmmcnimoimkcojdmfhl		1790995837292.431	2026-10-03 04:50:37	6	link	Site Blocked (Block Set 1)
chrome-extension://hnncfhodpmpjchmmcnimoimkcojdmfhl/delayed.html?1&https://www.google.com/search?q=nlab+%22Log%22.+This+stands+for+the+2-category+of+logics+and+logical+translations.+Proof+theorists%2C+however%2C+often+prefer+to+call+it+%22Ded%22.+This+stands+for+the+2-category+of+Deductive+Systems.&newwindow=1&sca_esv=b91f89c816ae58cc&biw=1222&bih=559&sxsrf=APpeQnvchYYxcCiwMiaO8-gEXIIx09CJgg%3A1790995796021&ei=VG3AavxrjI327w_Yneu5BQ&uact=5&oq=nlab+%22Log%22.+This+stands+for+the+2-category+of+logics+and+logical+translations.+Proof+theorists%2C+however%2C+often+prefer+to+call+it+%22Ded%22.+This+stands+for+the+2-category+of+Deductive+Systems.&gs_lp=Egxnd3Mtd2l6LXNlcnAivAFubGFiICJMb2ciLiBUaGlzIHN0YW5kcyBmb3IgdGhlIDItY2F0ZWdvcnkgb2YgbG9naWNzIGFuZCBsb2dpY2FsIHRyYW5zbGF0aW9ucy4gUHJvb2YgdGhlb3Jpc3RzLCBob3dldmVyLCBvZnRlbiBwcmVmZXIgdG8gY2FsbCBpdCAiRGVkIi4gVGhpcyBzdGFuZHMgZm9yIHRoZSAyLWNhdGVnb3J5IG9mIERlZHVjdGl2ZSBTeXN0ZW1zLkgAUABYAHAAeACQAQCYAQCgAQCqAQC4AQPIAQD4AQGYAgCgAgCYAwCSBwCgBwCyBwC4BwDCBwDIBwCACAE&sclient=gws-wiz-serp	hnncfhodpmpjchmmcnimoimkcojdmfhl		1790995874513.069	2026-10-03 04:51:14	6	link	Site Blocked (Block Set 1)
https://www.google.com/search?q=nlab+%22Log%22.+This+stands+for+the+2-category+of+logics+and+logical+translations.+&newwindow=1&sca_esv=b91f89c816ae58cc&biw=1222&bih=559&sxsrf=APpeQnuGIf8-pFR_gBHmqBM7B9zwmVk3kw%3A1790995822200&ei=bm3AapflC8-H9u8P6b36gAU&uact=5&oq=nlab+%22Log%22.+This+stands+for+the+2-category+of+logics+and+logical+translations.+&gs_lp=Egxnd3Mtd2l6LXNlcnAiT25sYWIgIkxvZyIuIFRoaXMgc3RhbmRzIGZvciB0aGUgMi1jYXRlZ29yeSBvZiBsb2dpY3MgYW5kIGxvZ2ljYWwgdHJhbnNsYXRpb25zLiAyBxAjGK4CGCdI2QZQAFgAcAB4AJABAJgBqAGgAagBqgEDMC4xuAEDyAEA-AEBmAIBoAK4AZgDAJIHAzAuMaAHowiyBwMwLjG4B7gBwgcDMy0xyAcMgAgB&sclient=gws-wiz-serp	www.google.com	google.com	1790995887500.287	2026-10-03 04:51:27	6	form_submit	nlab "Log". This stands for the 2-category of logics and logical translations. - Hledat Googlem
chrome-extension://hnncfhodpmpjchmmcnimoimkcojdmfhl/delayed.html?1&https://d-nb.info/103498439X/34	hnncfhodpmpjchmmcnimoimkcojdmfhl		1790995920036.731	2026-10-03 04:52:00	6	link	Site Blocked (Block Set 1)
https://www.google.com/search?newwindow=1&sca_esv=b91f89c816ae58cc&sxsrf=APpeQnveIVd2z24iRrBtJT9uZAPnjfSvWg:1790995888558&udm=imgs&fbs=ABfTbFV0iOAe5bfNeqyKguXm6dMy_0ApBOceFCSJ56j3b6FgHhiePJsdpZG-T28G_MN3pIv4eV5Q0U-L83cc0ypXHoajzfUESp7wfd8NhHSw5RKmfdtl7of9YyS49deARNbC0-RF3zwkAKbVrAU1ZghMa7l_28ZJeUAboRd1gT3N3rqqNcwF7Ia4taxMN7WaOCidc2kJsf_K&q=nlab+%22Log%22.+This+stands+for+the+2-category+of+logics+and+logical+translations.&sa=X&ved=2ahUKEwiL8ezN65yXAxWngv0HHeuDIxgQtKgLegQIGRAB&biw=1389&bih=635&dpr=1.56	www.google.com	google.com	1790995940633.196	2026-10-03 04:52:20	6	link	nlab "Log". This stands for the 2-category of logics and logical translations. - Hledat Googlem
https://www.google.com/search?q=nlab+%22Log%22.+This+stands+for+the+2-category+of+logics+and+logical+translations.+Proof+theorists%2C+however%2C+often+prefer+to+call+it+%22Ded%22.+This+stands+for+the+2-category+of+Deductive+Systems.&newwindow=1&sca_esv=b91f89c816ae58cc&biw=1222&bih=559&sxsrf=APpeQnvchYYxcCiwMiaO8-gEXIIx09CJgg%3A1790995796021&ei=VG3AavxrjI327w_Yneu5BQ&uact=5&oq=nlab+%22Log%22.+This+stands+for+the+2-category+of+logics+and+logical+translations.+Proof+theorists%2C+however%2C+often+prefer+to+call+it+%22Ded%22.+This+stands+for+the+2-category+of+Deductive+Systems.&gs_lp=Egxnd3Mtd2l6LXNlcnAivAFubGFiICJMb2ciLiBUaGlzIHN0YW5kcyBmb3IgdGhlIDItY2F0ZWdvcnkgb2YgbG9naWNzIGFuZCBsb2dpY2FsIHRyYW5zbGF0aW9ucy4gUHJvb2YgdGhlb3Jpc3RzLCBob3dldmVyLCBvZnRlbiBwcmVmZXIgdG8gY2FsbCBpdCAiRGVkIi4gVGhpcyBzdGFuZHMgZm9yIHRoZSAyLWNhdGVnb3J5IG9mIERlZHVjdGl2ZSBTeXN0ZW1zLkgAUABYAHAAeACQAQCYAQCgAQCqAQC4AQPIAQD4AQGYAgCgAgCYAwCSBwCgBwCyBwC4BwDCBwDIBwCACAE&sclient=gws-wiz-serp	www.google.com	google.com	1790995966553.789	2026-10-03 04:52:46	6	link	nlab "Log". This stands for the 2-category of logics and logical translations. Proof theorists, however, often prefer to call it "Ded". This stands for the 2-category of Deductive Systems. - Hledat Googlem
https://www.google.com/search?q=nlab++%22Ded%22.+This+stands+for+the+2-category+of+Deductive+Systems.&newwindow=1&sca_esv=b91f89c816ae58cc&biw=1389&bih=635&sxsrf=APpeQnskXMSEGLAOpETTHHu7ruTiUbNxrg%3A1790995965799&ei=_W3AaoWmMNKC9u8PzuHImQ4&uact=5&oq=nlab++%22Ded%22.+This+stands+for+the+2-category+of+Deductive+Systems.&gs_lp=Egxnd3Mtd2l6LXNlcnAiQW5sYWIgICJEZWQiLiBUaGlzIHN0YW5kcyBmb3IgdGhlIDItY2F0ZWdvcnkgb2YgRGVkdWN0aXZlIFN5c3RlbXMuSM4PUABYAHAAeACQAQCYAacBoAGnAaoBAzAuMbgBA8gBAPgBAZgCAKACAJgDAJIHAKAHrQKyBwC4BwDCBwDIBwCACAE&sclient=gws-wiz-serp	www.google.com	google.com	1790995979511.475	2026-10-03 04:52:59	6	form_submit	nlab "Ded". This stands for the 2-category of Deductive Systems. - Hledat Googlem
chrome-extension://hnncfhodpmpjchmmcnimoimkcojdmfhl/delayed.html?1&https://www.academia.edu/63141280/Deductive_Systems_in_Traditional_and_Modern_Logic	hnncfhodpmpjchmmcnimoimkcojdmfhl		1790996022084.682	2026-10-03 04:53:42	6	link	Site Blocked (Block Set 1)
https://www.google.com/search?q=nlab+the+2-category+of+logics+and+logical+translations.&newwindow=1&sca_esv=b91f89c816ae58cc&udm=imgs&biw=1389&bih=635&sxsrf=APpeQns5Eem_5cdxOsBd5i7bo0Hm9JeFmA%3A1790995941712&ei=5W3AatKVKqiD9u8PyIjB0QY&ved=2ahUKEwiSnJjn65yXAxWogf0HHUhEMGoQ4dUDegQIBhAN&uact=5&oq=nlab+the+2-category+of+logics+and+logical+translations.&gs_lp=Egtnd3Mtd2l6LWltZyI3bmxhYiB0aGUgMi1jYXRlZ29yeSBvZiBsb2dpY3MgYW5kIGxvZ2ljYWwgdHJhbnNsYXRpb25zLkinFVAAWIwOcAB4AJABAJgBfKAB8ASqAQMzLjO4AQPIAQD4AQGYAgCgAgCYAwCSBwCgB0iyBwC4BwDCBwDIBwCACAE&sclient=gws-wiz-img	www.google.com	google.com	1790996059716.469	2026-10-03 04:54:19	6	form_submit	nlab the 2-category of logics and logical translations. - Hledat Googlem
https://www.google.com/search?newwindow=1&sca_esv=b91f89c816ae58cc&sxsrf=APpeQnv4EWLibdkK5vklaCASrySQKXjsjg:1790996058959&q=nlab+the+2-category+of+logics+and+logical+translations.&source=lnms&fbs=ABfTbFV0iOAe5bfNeqyKguXm6dMymUaFujXTh5QNRTyMCVK7Evp8crVfQc43yvNEnriM-BqkQ72LTFDucC3EKdKchLuGM1E7OcjETm9XQAqsjmYHe_xuL_6uciY1AVPJVvbJ72h0qYiDw4BWvMpsCze4Vr_O1Hw8kYstioJU8BHgB0lVVIFb99roU6NgRcqMN8uuk2vsJRuc&sa=X&ved=2ahUKEwjepI2f7JyXAxUrh_0HHfQKGOMQ0pQJegQIDhAB&biw=1389&bih=635&dpr=1.38	www.google.com	google.com	1790996066780.99	2026-10-03 04:54:26	6	link	nlab the 2-category of logics and logical translations. - Hledat Googlem
https://ncatlab.org/nlab/show/logic	ncatlab.org	ncatlab.org	1790996490352.39	2026-10-03 05:01:30	6	link	logic in nLab
https://www.google.com/search?q=bccc+categories+bicartesian&newwindow=1&sca_esv=b91f89c816ae58cc&biw=1389&bih=635&sxsrf=APpeQnseDslZcCOmutlolRZfW_o8K3FMsA%3A1790996065999&ei=YW7Aas_EPN6N9u8P07zHwAs&uact=5&oq=bccc+categories+bicartesian&gs_lp=Egxnd3Mtd2l6LXNlcnAiG2JjY2MgY2F0ZWdvcmllcyBiaWNhcnRlc2lhbjIHECEYChigATIHECEYChigATIHECEYChigAUjXqQFQ5xRYtqMBcAF4AJABAJgBzQGgAbYaqgEGMC4yMi4xuAEDyAEA-AEBmAIYoALWHsICCxAAGIAEGKIEGLADwgIIEAAY7wUYsAPCAgQQIxgnwgIIEAAYgAQYsQPCAgUQABiABMICDhAAGIAEGIoFGLEDGIMBwgILEAAYgAQYsQMYgwHCAg4QLhiABBiKBRixAxiDAcICCxAuGIAEGMcBGK8BwgIFEC4YgATCAgoQABiABBiKBRhDwgIOEC4YgAQYsQMYxwEY0QPCAgwQABiABBgKGAsYsQPCAgcQABiABBgKwgIJEAAYgAQYChgLwgIEEAAYHsICCBAAGIAEGMsBwgIIEC4YgAQYywHCAgkQABiABBgNGArCAgYQABgWGB7CAggQABgWGB4YCsICBRAhGKABwgIFECEYnwXCAgQQIRgVmAMAiAYBkAYFkgcGMC4yMi4yoAfYarIHBjAuMjEuMrgHzR3CBwwwLjEuMTEuOS4xLjLIB9UCgAgB&sclient=gws-wiz-serp	www.google.com	google.com	1790996525250.327	2026-10-03 05:02:05	6	form_submit	bccc categories bicartesian - Hledat Googlem
https://www.google.com/search?q=bccc+categories+bicartesian&newwindow=1&sca_esv=b91f89c816ae58cc&biw=1389&bih=635&sxsrf=APpeQnseDslZcCOmutlolRZfW_o8K3FMsA%3A1790996065999&ei=YW7Aas_EPN6N9u8P07zHwAs&uact=5&oq=bccc+categories+bicartesian&gs_lp=Egxnd3Mtd2l6LXNlcnAiG2JjY2MgY2F0ZWdvcmllcyBiaWNhcnRlc2lhbjIHECEYChigATIHECEYChigATIHECEYChigAUjXqQFQ5xRYtqMBcAF4AJABAJgBzQGgAbYaqgEGMC4yMi4xuAEDyAEA-AEBmAIYoALWHsICCxAAGIAEGKIEGLADwgIIEAAY7wUYsAPCAgQQIxgnwgIIEAAYgAQYsQPCAgUQABiABMICDhAAGIAEGIoFGLEDGIMBwgILEAAYgAQYsQMYgwHCAg4QLhiABBiKBRixAxiDAcICCxAuGIAEGMcBGK8BwgIFEC4YgATCAgoQABiABBiKBRhDwgIOEC4YgAQYsQMYxwEY0QPCAgwQABiABBgKGAsYsQPCAgcQABiABBgKwgIJEAAYgAQYChgLwgIEEAAYHsICCBAAGIAEGMsBwgIIEC4YgAQYywHCAgkQABiABBgNGArCAgYQABgWGB7CAggQABgWGB4YCsICBRAhGKABwgIFECEYnwXCAgQQIRgVmAMAiAYBkAYFkgcGMC4yMi4yoAfYarIHBjAuMjEuMrgHzR3CBwwwLjEuMTEuOS4xLjLIB9UCgAgB&sclient=gws-wiz-serp	www.google.com	google.com	1790996529537.414	2026-10-03 05:02:09	6	link	bccc categories bicartesian - Hledat Googlem
https://en.wikipedia.org/wiki/Cartesian_closed_category	en.wikipedia.org	wikipedia.org	1790996544823.729	2026-10-03 05:02:24	6	link	Cartesian closed category - Wikipedia
https://cstheory.stackexchange.com/questions/33812/a-bicartesian-closed-category-of-strict-complete-partial-orders-hask	cstheory.stackexchange.com	stackexchange.com	1790996551755.064	2026-10-03 05:02:31	6	link	pl.programming languages - A bicartesian closed category of strict complete partial orders (Hask) - Theoretical Computer Science Stack Exchange
https://ncatlab.org/nlab/show/cartesian+closed+category	ncatlab.org	ncatlab.org	1790996558032.97	2026-10-03 05:02:38	6	link	cartesian closed category in nLab
https://www.google.com/search?q=logic+as+bccc+categories+bicartesian&newwindow=1&sca_esv=b91f89c816ae58cc&biw=1389&bih=635&sxsrf=APpeQnvzpgdKXYWFSbHe1dMBjNLMNnh-Pw%3A1790996526119&ei=LnDAaqHwBpWB9u8PxezbyQk&uact=5&oq=logic+as+bccc+categories+bicartesian&gs_lp=Egxnd3Mtd2l6LXNlcnAiJGxvZ2ljIGFzIGJjY2MgY2F0ZWdvcmllcyBiaWNhcnRlc2lhbjIFEAAY7wUyBRAAGO8FMgUQABjvBTIIEAAYgAQYogQyCBAAGIAEGKIESPUpUN0TWK8lcAF4AJABAJgBwQGgAbILqgEDMC45uAEDyAEA-AEBmAIGoAKXBsICCBAAGO8FGLADmAMAiAYBkAYDkgcDMS41oAf-IrIHAzAuNbgHhwbCBwUyLTUuMcgHJIAIAQ&sclient=gws-wiz-serp	www.google.com	google.com	1790996576811.63	2026-10-03 05:02:56	6	form_submit	logic as bccc categories bicartesian - Hledat Googlem
https://ncatlab.org/nlab/show/bicartesian+closed+category	ncatlab.org	ncatlab.org	1790996603394.883	2026-10-03 05:03:23	6	link	bicartesian closed category in nLab
https://www.google.com/search?q=The+%22Collapse%22+of+Classical+Logic+in+a+BCCC+One+might+ask%3A+Can+we+model+Classical+Logic+(which+includes+the+Law+of+Excluded+Middle%2C+)+in+a+BCCC%3F+The+short+answer+is+no%2C+unless+the+category+becomes+trivial.+If+you+force+a+BCCC+to+be+%22Boolean%22+(meaning+%2C+where+)%2C+the+category+collapses+into+a+preorder+(a+poset+or+Heyting+algebra).+In+a+preorder%2C+there+is+at+most+one+morphism+between+any+two+objects&oq=The+%22Collapse%22+of+Classical+Logic+in+a+BCCC+One+might+ask%3A+Can+we+model+Classical+Logic+(which+includes+the+Law+of+Excluded+Middle%2C+++)+in+a+BCCC%3F+The+short+answer+is+no%2C+unless+the+category+becomes+trivial.+If+you+force+a+BCCC+to+be+%22Boolean%22+(meaning+++++%2C+where++++)%2C+the+category+collapses+into+a+preorder+(a+poset+or+Heyting+algebra).+In+a+preorder%2C+there+is+at+most+one+morphism+between+any+two+objects&gs_lcrp=EgRlZGdlKgYIABBFGDkyBggAEEUYOagCALACAA&sourceid=chrome&ie=UTF-8&source=chrome.ctxt	www.google.com	google.com	1790996657857.545	2026-10-03 05:04:17	6	link	The "Collapse" of Classical Logic in a BCCC One might ask: Can we model Classical Logic (which includes the Law of Excluded Middle, ) in a BCCC? The short answer is no, unless the category becomes trivial. If you force a BCCC to be "Boolean" (meaning , where ), the category collapses into a preorder (a poset or Heyting algebra). In a preorder, there is at most one morphism between any two objects - Hledat Googlem
https://math.stackexchange.com/questions/4834183/classical-bicartesian-closed-category	math.stackexchange.com	stackexchange.com	1790996668953.2	2026-10-03 05:04:28	6	link	logic - "Classical" bicartesian closed category? - Mathematics Stack Exchange
https://arxiv.org/abs/2007.00624	arxiv.org	arxiv.org	1790996672997.046	2026-10-03 05:04:32	6	link	[2007.00624] Cartesian closed bicategories: type theory and coherence
https://ncatlab.org/nlab/show/cartesian+closed+2-category	ncatlab.org	ncatlab.org	1790996729980.334	2026-10-03 05:05:29	6	link	cartesian closed 2-category in nLab
https://mathoverflow.net/questions/43281/propositional-logic-with-categories	mathoverflow.net	mathoverflow.net	1790996731031.007	2026-10-03 05:05:31	6	link	lo.logic - Propositional logic with categories - MathOverflow
https://www.google.com/search?q=logic+as+bccc+categories+bicartesian&newwindow=1&sca_esv=b91f89c816ae58cc&sxsrf=APpeQnviO-N4O9nwtSOQ1AItCpSHI7MUCQ:1790996576017&ei=YHDAaqNW5P3v9Q-hj9yBBQ&start=10&sa=N&sstk=AS6-VmJKZlXRnliXxbmcTxkG4ZT570INLf7aHiTE75PUMHnYS9eFXe4wGd9Rnf7lSiwjo2EKx9qlumEfcv3DVJdhsa7rbLKTkARt5Q&ved=2ahUKEwijhtSV7pyXAxXk_rsIHaEHN1AQ8NMDegQIORAW&biw=1389&bih=635&dpr=1.38	www.google.com	google.com	1790996769900.84	2026-10-03 05:06:09	6	link	logic as bccc categories bicartesian - Hledat Googlem
https://ncatlab.org/nlab/show/star-autonomous+category#:%7E:text=There%20are%20many%20ways%20to,product%20in%20a%20particular%20way.	ncatlab.org	ncatlab.org	1790996912913.977	2026-10-03 05:08:32	6	link	star-autonomous category in nLab
https://math.stackexchange.com/questions/2635625/higher-order-logic-type-theory-category-theory-like-meta-grammar-language-ma?rq=1	math.stackexchange.com	stackexchange.com	1790996934636.125	2026-10-03 05:08:54	6	link	soft question - (Higher order) logic/type theory/category theory like (meta-)grammar/language/machine? - Mathematics Stack Exchange
https://ncatlab.org/nlab/show/linear+logic	ncatlab.org	ncatlab.org	1790996953323.223	2026-10-03 05:09:13	6	link	linear logic in nLab
https://ncatlab.org/nlab/show/substructural+logic	ncatlab.org	ncatlab.org	1790996971051.677	2026-10-03 05:09:31	6	link	substructural logic in nLab
https://ncatlab.org/nlab/show/logic	ncatlab.org	ncatlab.org	1790997029989.305	2026-10-03 05:10:29	6	link	logic in nLab
https://ncatlab.org/nlab/show/relevance+logic	ncatlab.org	ncatlab.org	1790997070214.154	2026-10-03 05:11:10	6	link	relevance logic in nLab
https://ncatlab.org/nlab/show/propositional+logic	ncatlab.org	ncatlab.org	1790997082244.978	2026-10-03 05:11:22	6	link	propositional logic in nLab
chrome-extension://hnncfhodpmpjchmmcnimoimkcojdmfhl/delayed.html?1&https://ncatlab.org/nlab/show/categorical+semantics	hnncfhodpmpjchmmcnimoimkcojdmfhl		1790997133489.837	2026-10-03 05:12:13	6	link	Site Blocked (Block Set 1)
chrome-extension://hnncfhodpmpjchmmcnimoimkcojdmfhl/delayed.html?1&https://ncatlab.org/nlab/show/polycategory	hnncfhodpmpjchmmcnimoimkcojdmfhl		1790997150801.116	2026-10-03 05:12:30	6	link	Site Blocked (Block Set 1)
chrome-extension://hnncfhodpmpjchmmcnimoimkcojdmfhl/delayed.html?1&https://ncatlab.org/nlab/show/transcendental+syntax	hnncfhodpmpjchmmcnimoimkcojdmfhl		1790997191935.188	2026-10-03 05:13:11	6	link	Site Blocked (Block Set 1)
chrome-extension://hnncfhodpmpjchmmcnimoimkcojdmfhl/delayed.html?1&https://ncatlab.org/nlab/show/propositions+as+projections	hnncfhodpmpjchmmcnimoimkcojdmfhl		1790997194517.616	2026-10-03 05:13:14	6	link	Site Blocked (Block Set 1)
chrome-extension://hnncfhodpmpjchmmcnimoimkcojdmfhl/delayed.html?1&https://ncatlab.org/nlab/show/Heyting+scale	hnncfhodpmpjchmmcnimoimkcojdmfhl		1790997201671.369	2026-10-03 05:13:21	6	link	Site Blocked (Block Set 1)
chrome-extension://hnncfhodpmpjchmmcnimoimkcojdmfhl/delayed.html?1&https://ncatlab.org/nlab/show/formal+logics	hnncfhodpmpjchmmcnimoimkcojdmfhl		1790997226950.998	2026-10-03 05:13:46	6	link	Site Blocked (Block Set 1)
chrome-extension://hnncfhodpmpjchmmcnimoimkcojdmfhl/delayed.html?1&https://ncatlab.org/nlab/show/structural+rules	hnncfhodpmpjchmmcnimoimkcojdmfhl		1790997234554.806	2026-10-03 05:13:54	6	link	Site Blocked (Block Set 1)
chrome-extension://hnncfhodpmpjchmmcnimoimkcojdmfhl/delayed.html?1&https://ncatlab.org/nlab/show/constructive+logic	hnncfhodpmpjchmmcnimoimkcojdmfhl		1790997294927.489	2026-10-03 05:14:54	6	link	Site Blocked (Block Set 1)
chrome-extension://hnncfhodpmpjchmmcnimoimkcojdmfhl/delayed.html?1&https://ncatlab.org/nlab/show/syntactic+category	hnncfhodpmpjchmmcnimoimkcojdmfhl		1790997310080.297	2026-10-03 05:15:10	6	link	Site Blocked (Block Set 1)
chrome-extension://hnncfhodpmpjchmmcnimoimkcojdmfhl/delayed.html?1&https://ncatlab.org/nlab/show/model%20theory#CategoricalModelTheory	hnncfhodpmpjchmmcnimoimkcojdmfhl		1790997359614.585	2026-10-03 05:15:59	6	link	Site Blocked (Block Set 1)
chrome-extension://hnncfhodpmpjchmmcnimoimkcojdmfhl/delayed.html?1&https://ncatlab.org/nlab/show/Heyting+algebra	hnncfhodpmpjchmmcnimoimkcojdmfhl		1790997373257.881	2026-10-03 05:16:13	6	link	Site Blocked (Block Set 1)
chrome-extension://hnncfhodpmpjchmmcnimoimkcojdmfhl/delayed.html?1&https://ncatlab.org/nlab/show/intuitionistic+logic	hnncfhodpmpjchmmcnimoimkcojdmfhl		1790997378347.877	2026-10-03 05:16:18	6	link	Site Blocked (Block Set 1)
chrome-extension://hnncfhodpmpjchmmcnimoimkcojdmfhl/delayed.html?1&https://ncatlab.org/nlab/show/minimal+logic	hnncfhodpmpjchmmcnimoimkcojdmfhl		1790997381789.343	2026-10-03 05:16:21	6	link	Site Blocked (Block Set 1)
chrome-extension://hnncfhodpmpjchmmcnimoimkcojdmfhl/delayed.html?1&https://ncatlab.org/nlab/show/propositional+logic	hnncfhodpmpjchmmcnimoimkcojdmfhl		1790997402763.337	2026-10-03 05:16:42	6	link	Site Blocked (Block Set 1)
chrome-extension://hnncfhodpmpjchmmcnimoimkcojdmfhl/delayed.html?1&https://ncatlab.org/nlab/show/2-logic	hnncfhodpmpjchmmcnimoimkcojdmfhl		1790997418038.183	2026-10-03 05:16:58	6	link	Site Blocked (Block Set 1)
chrome-extension://hnncfhodpmpjchmmcnimoimkcojdmfhl/delayed.html?1&https://ncatlab.org/nlab/show/%28%E2%88%9E%2C1%29-logic	hnncfhodpmpjchmmcnimoimkcojdmfhl		1790997422263.555	2026-10-03 05:17:02	6	link	Site Blocked (Block Set 1)
chrome-extension://hnncfhodpmpjchmmcnimoimkcojdmfhl/delayed.html?1&https://ncatlab.org/nlab/show/objective+and+subjective+logic	hnncfhodpmpjchmmcnimoimkcojdmfhl		1790997424928.638	2026-10-03 05:17:04	6	link	Site Blocked (Block Set 1)
chrome-extension://hnncfhodpmpjchmmcnimoimkcojdmfhl/delayed.html?1&https://math.stackexchange.com/questions/4673449/type-theory-as-a-meta-language-for-logic?rq=1	hnncfhodpmpjchmmcnimoimkcojdmfhl		1790997610159.097	2026-10-03 05:20:10	6	link	Site Blocked (Block Set 1)
chrome-extension://hnncfhodpmpjchmmcnimoimkcojdmfhl/delayed.html?1&https://ncatlab.org/nlab/show/logic	hnncfhodpmpjchmmcnimoimkcojdmfhl		1790997695686.667	2026-10-03 05:21:35	6	link	Site Blocked (Block Set 1)
chrome-extension://hnncfhodpmpjchmmcnimoimkcojdmfhl/delayed.html?1&https://en.wikipedia.org/wiki/Cartesian_closed_category	hnncfhodpmpjchmmcnimoimkcojdmfhl		1790997697854.119	2026-10-03 05:21:37	6	link	Site Blocked (Block Set 1)
chrome-extension://hnncfhodpmpjchmmcnimoimkcojdmfhl/delayed.html?1&https://cstheory.stackexchange.com/questions/33812/a-bicartesian-closed-category-of-strict-complete-partial-orders-hask	hnncfhodpmpjchmmcnimoimkcojdmfhl		1790997701531.293	2026-10-03 05:21:41	6	link	Site Blocked (Block Set 1)
https://ncatlab.org/nlab/show/cartesian+closed+category#exponentials_of_cartesian_closed_categories	ncatlab.org	ncatlab.org	1790997714371.071	2026-10-03 05:21:54	6	link	cartesian closed category in nLab
chrome-extension://hnncfhodpmpjchmmcnimoimkcojdmfhl/delayed.html?1&https://ncatlab.org/nlab/show/cartesian+closed+category#exponentials_of_cartesian_closed_categories	hnncfhodpmpjchmmcnimoimkcojdmfhl		1790997714585.506	2026-10-03 05:21:54	6	link	Site Blocked (Block Set 1)
chrome-extension://hnncfhodpmpjchmmcnimoimkcojdmfhl/delayed.html?1&https://ncatlab.org/nlab/show/intuitionistic+logic	hnncfhodpmpjchmmcnimoimkcojdmfhl		1790997737318.389	2026-10-03 05:22:17	6	link	Site Blocked (Block Set 1)
chrome-extension://hnncfhodpmpjchmmcnimoimkcojdmfhl/delayed.html?1&https://ncatlab.org/nlab/show/propositional+logic	hnncfhodpmpjchmmcnimoimkcojdmfhl		1790997738801.026	2026-10-03 05:22:18	6	link	Site Blocked (Block Set 1)
chrome-extension://hnncfhodpmpjchmmcnimoimkcojdmfhl/delayed.html?1&https://ncatlab.org/nlab/show/2-rig	hnncfhodpmpjchmmcnimoimkcojdmfhl		1790997765046.557	2026-10-03 05:22:45	6	link	Site Blocked (Block Set 1)
chrome-extension://hnncfhodpmpjchmmcnimoimkcojdmfhl/delayed.html?1&https://ncatlab.org/nlab/show/bicartesian+closed+preordered+object	hnncfhodpmpjchmmcnimoimkcojdmfhl		1790997783824.367	2026-10-03 05:23:03	6	link	Site Blocked (Block Set 1)
chrome-extension://hnncfhodpmpjchmmcnimoimkcojdmfhl/delayed.html?1&https://www.google.com/search?q=nlab++%22Ded%22.+This+stands+for+the+2-category+of+Deductive+Systems.&newwindow=1&sca_esv=b91f89c816ae58cc&biw=1389&bih=635&sxsrf=APpeQnskXMSEGLAOpETTHHu7ruTiUbNxrg%3A1790995965799&ei=_W3AaoWmMNKC9u8PzuHImQ4&uact=5&oq=nlab++%22Ded%22.+This+stands+for+the+2-category+of+Deductive+Systems.&gs_lp=Egxnd3Mtd2l6LXNlcnAiQW5sYWIgICJEZWQiLiBUaGlzIHN0YW5kcyBmb3IgdGhlIDItY2F0ZWdvcnkgb2YgRGVkdWN0aXZlIFN5c3RlbXMuSM4PUABYAHAAeACQAQCYAacBoAGnAaoBAzAuMbgBA8gBAPgBAZgCAKACAJgDAJIHAKAHrQKyBwC4BwDCBwDIBwCACAE&sclient=gws-wiz-serp	hnncfhodpmpjchmmcnimoimkcojdmfhl		1790997786695.685	2026-10-03 05:23:06	6	link	Site Blocked (Block Set 1)
chrome-extension://hnncfhodpmpjchmmcnimoimkcojdmfhl/delayed.html?1&https://ncatlab.org/nlab/show/Heyting+algebra	hnncfhodpmpjchmmcnimoimkcojdmfhl		1790997865506.828	2026-10-03 05:24:25	6	link	Site Blocked (Block Set 1)
https://ncatlab.org/nlab/show/Heyting+algebra	ncatlab.org	ncatlab.org	1790997886274.257	2026-10-03 05:24:46	6	link	Heyting algebra in nLab
https://ncatlab.org/nlab/show/HeytAlg	ncatlab.org	ncatlab.org	1790997965735.632	2026-10-03 05:26:05	6	link	HeytAlg in nLab
chrome-extension://hnncfhodpmpjchmmcnimoimkcojdmfhl/delayed.html?1&https://ncatlab.org/nlab/show/Heyting+algebra	hnncfhodpmpjchmmcnimoimkcojdmfhl		1791029823204.715	2026-10-03 14:17:03	6	link	Site Blocked (Block Set 1)
https://www.google.com/search?q=-algebra.7+Both+Goguen%E2%80%99s+papers+maintain+a+non-technical+facet+with+a+plethora+of+practical+examples+that+make+clear+the+width+of+the+author%E2%80%99s+scope%2C+ranging+from+engineering+considerations+to+semantical+analysis%3B+and+yet+both+papers+read+as+cornerstones+in+the+philosophy+of+vagueness.&oq=-algebra.7+Both+Goguen%E2%80%99s+papers+maintain+a+non-technical+facet+with+a+plethora+of+practical+examples+that+make+clear+the+width+of+the+author%E2%80%99s+scope%2C+ranging+from+engineering+considerations+to+semantical+analysis%3B+and+yet+both+papers+read+as+cornerstones+in+the+philosophy+of+vagueness.&gs_lcrp=EgRlZGdlKgYIABBFGDkyBggAEEUYOagCALACAA&sourceid=chrome&ie=UTF-8&source=chrome.ctxt	www.google.com	google.com	1791029824215.369	2026-10-03 14:17:04	6	reload	-algebra.7 Both Goguen’s papers maintain a non-technical facet with a plethora of practical examples that make clear the width of the author’s scope, ranging from engineering considerations to semantical analysis; and yet both papers read as cornerstones in the philosophy of vagueness. - Hledat Googlem
https://www.google.com/search?q=logic+as+bccc+categories+bicartesian&newwindow=1&sca_esv=b91f89c816ae58cc&sxsrf=APpeQnviO-N4O9nwtSOQ1AItCpSHI7MUCQ:1790996576017&ei=YHDAaqNW5P3v9Q-hj9yBBQ&start=10&sa=N&sstk=AS6-VmJKZlXRnliXxbmcTxkG4ZT570INLf7aHiTE75PUMHnYS9eFXe4wGd9Rnf7lSiwjo2EKx9qlumEfcv3DVJdhsa7rbLKTkARt5Q&ved=2ahUKEwijhtSV7pyXAxXk_rsIHaEHN1AQ8NMDegQIORAW&biw=1389&bih=635&dpr=1.38	www.google.com	google.com	1791029827293.824	2026-10-03 14:17:07	6	reload	logic as bccc categories bicartesian - Hledat Googlem
https://gemini.google.com/app/6d5a0a86476dccb0	gemini.google.com	google.com	1791029832858.54	2026-10-03 14:17:12	6	reload	Google Gemini
chrome-extension://hnncfhodpmpjchmmcnimoimkcojdmfhl/delayed.html?1&https://en.wikipedia.org/wiki/Relevance_logic	hnncfhodpmpjchmmcnimoimkcojdmfhl		1791031910039.082	2026-10-03 14:51:50	6	reload	Site Blocked
chrome-extension://hnncfhodpmpjchmmcnimoimkcojdmfhl/delayed.html?1&https://en.wikipedia.org/wiki/Talk:Intermediate_logic	hnncfhodpmpjchmmcnimoimkcojdmfhl		1791031978663.253	2026-10-03 14:52:58	6	reload	Site Blocked (Block Set 1)
chrome-extension://pnmchffiealhkdloeffcdnbgdnedheme/options.html	pnmchffiealhkdloeffcdnbgdnedheme		1791040063543.787	2026-10-03 17:07:43	6	auto_bookmark	History Trends Unlimited: Options
chrome-extension://pnmchffiealhkdloeffcdnbgdnedheme/history.html	pnmchffiealhkdloeffcdnbgdnedheme		1791040162650.676	2026-10-03 17:09:22	6	link	History Trends Unlimited
https://developer.chrome.com/docs/extensions/reference/api/history#transition_types	developer.chrome.com	chrome.com	1791040539067.875	2026-10-03 17:15:39	6	link	browser.history | API | Chrome for Developers
